      0.02	0.00	2.39	6.56	14.01	7.33	3.04	1.07	2.40	2.03	0.86	0.46	1.60	0.34	0.03	2.14	3.48	0.41	
      0.05	0.00	2.38	2.13	2.91	15.17	4.85	3.38	0.90	3.79	0.47	0.32	3.99	1.09	0.73	7.66	0.71	1.42	
      0.07	0.00	3.18	10.97	1.53	11.90	2.26	1.78	2.23	0.63	0.95	2.00	0.78	3.17	4.64	4.35	1.45	0.01	
      0.09	0.00	9.03	18.48	7.20	13.28	2.72	4.18	0.10	2.26	0.33	0.65	0.42	0.85	1.70	1.17	1.79	1.61	
      0.12	0.00	0.52	11.07	10.72	10.20	8.18	0.94	0.14	1.60	0.72	2.40	0.54	1.04	3.63	0.37	1.75	0.36	
      0.14	0.00	19.12	17.16	8.61	9.09	16.22	4.63	1.69	5.40	1.51	1.06	2.21	3.34	4.79	6.23	2.04	1.12	
      0.16	0.00	9.24	4.36	0.96	0.99	6.13	1.19	10.16	2.48	4.22	0.75	3.39	0.82	2.45	2.33	0.79	0.20	
      0.19	0.00	9.61	7.35	4.58	7.07	1.69	7.74	5.80	2.09	1.80	3.00	1.27	1.80	0.89	1.38	0.26	0.33	
      0.21	0.00	11.60	12.24	6.24	8.46	14.37	3.99	4.26	3.58	0.04	1.37	3.78	0.82	0.10	3.48	1.28	1.76	
      0.23	0.00	10.30	1.15	1.90	23.93	4.26	3.63	0.13	3.91	1.51	0.88	0.07	2.27	0.54	5.23	0.64	1.76	
      0.26	0.00	2.50	5.90	4.82	3.91	4.30	0.60	4.61	1.65	1.46	0.53	3.49	1.71	2.20	0.02	0.47	0.02	
      0.28	0.00	1.30	19.79	7.05	3.54	4.04	5.60	0.37	1.40	1.34	1.55	1.45	0.82	1.66	1.02	1.94	0.46	
      0.30	0.00	3.61	1.20	8.80	2.21	7.25	1.97	0.20	2.61	0.35	1.97	0.06	0.49	4.79	0.42	1.31	0.80	
      0.33	0.00	3.25	11.83	0.23	17.52	1.30	6.63	1.85	0.84	2.72	0.05	0.01	1.03	0.03	4.14	2.30	0.67	
      0.35	0.00	14.68	11.37	5.50	0.85	2.67	9.37	2.65	0.43	0.90	0.78	4.67	6.14	0.15	0.78	2.33	0.17	
      0.37	0.00	2.55	5.44	4.28	8.64	10.54	7.22	4.26	5.47	0.66	0.40	5.44	2.05	3.17	2.29	1.59	1.07	
      0.39	0.00	9.95	4.67	12.46	10.38	1.30	1.89	1.91	0.03	0.32	2.02	1.45	4.76	3.15	1.77	0.15	1.03	
      0.42	0.00	2.68	4.36	0.31	3.84	1.52	5.28	0.83	2.25	0.65	0.95	1.26	3.61	4.07	2.05	0.18	0.17	
      0.44	0.00	16.88	3.79	8.61	2.68	3.82	0.88	0.02	2.12	0.37	0.71	2.59	0.78	2.23	2.28	1.59	1.42	
      0.46	0.00	16.82	6.54	3.65	3.10	4.85	7.98	3.18	1.59	0.04	2.28	1.24	2.45	0.54	0.73	1.08	1.36	
      0.49	0.00	13.44	0.70	13.85	10.95	8.27	2.18	2.77	5.88	2.30	0.08	1.98	1.38	0.72	0.04	2.99	0.14	
      0.51	0.00	5.04	8.37	3.99	12.69	4.44	0.98	1.70	1.29	1.44	1.70	1.44	0.12	2.25	5.60	0.68	0.53	
      0.53	0.00	11.29	19.46	1.41	6.09	0.68	0.33	4.31	1.87	1.04	1.35	1.25	3.51	2.13	0.02	0.98	2.21	
      0.56	0.00	6.43	4.06	9.18	12.48	11.98	4.01	11.12	0.84	3.68	1.17	8.03	1.80	1.09	1.31	0.38	0.11	
      0.58	0.00	3.31	9.65	4.64	7.75	0.69	3.31	7.09	4.02	1.71	2.19	5.62	2.94	0.44	1.07	0.44	0.47	
      0.60	0.00	2.39	7.12	5.85	2.36	1.05	10.95	7.20	3.15	0.65	1.34	0.54	0.23	4.81	3.61	0.78	0.65	
      0.63	0.00	9.55	9.51	9.75	2.17	10.06	1.84	4.15	1.39	1.17	0.68	4.46	2.62	0.16	2.02	1.13	0.83	
      0.65	0.00	1.63	9.77	4.29	8.91	4.87	2.76	2.10	3.51	1.28	1.08	0.25	6.27	2.26	1.09	0.65	1.74	
      0.67	0.00	13.74	6.61	0.70	15.11	8.26	1.18	0.56	0.41	0.57	0.39	6.10	2.40	1.63	0.89	4.43	1.87	
      0.70	0.00	15.66	7.83	2.63	17.06	5.72	1.00	0.07	0.05	0.70	2.23	0.24	0.72	0.04	0.74	1.46	1.31	
      0.72	0.00	14.31	13.88	8.13	11.30	4.83	6.21	1.92	6.04	0.43	1.01	1.75	1.20	0.06	3.66	2.75	0.42	
      0.74	0.00	7.17	1.20	2.03	3.30	6.20	0.73	1.26	0.27	2.21	3.60	0.95	2.54	0.85	3.45	0.58	0.18	
      0.77	0.00	6.10	4.75	0.96	3.78	11.63	8.47	3.47	2.96	1.40	6.20	1.79	2.01	2.67	0.71	1.26	0.07	
      0.79	0.00	10.97	19.45	2.62	2.30	2.53	1.16	1.31	2.33	0.45	0.33	1.20	2.73	2.15	2.63	1.25	1.43	
      0.81	0.00	2.03	0.60	4.62	5.67	1.47	4.88	1.64	3.38	1.01	1.87	1.47	1.82	0.16	0.02	1.24	0.75	
      0.84	0.00	3.18	15.05	14.53	7.95	16.70	4.48	1.10	3.95	1.40	1.15	3.67	4.10	4.31	2.40	3.48	0.65	
      0.86	0.00	4.84	10.38	8.56	10.21	7.58	0.27	1.35	2.13	1.41	0.38	4.81	3.64	0.44	1.01	2.46	2.86	
      0.88	0.00	4.36	3.29	10.05	3.72	1.14	4.03	1.14	0.24	2.64	4.59	1.33	0.00	2.25	2.09	1.98	0.72	
      0.91	0.00	7.38	0.25	14.36	1.54	6.91	4.38	3.22	2.39	0.56	0.33	2.57	1.81	0.19	2.86	1.05	2.36	
      0.93	0.00	1.27	6.82	5.05	1.44	3.12	2.93	0.05	2.42	0.59	0.43	1.82	1.70	0.53	1.43	0.99	0.55	
      0.95	0.00	0.36	0.66	1.01	0.41	4.53	3.66	2.88	3.50	1.05	0.18	1.22	0.79	0.22	1.08	0.68	0.16	
      0.98	0.00	9.86	5.93	11.04	6.84	7.21	7.08	2.31	3.79	2.26	2.56	3.06	3.65	0.31	1.04	2.36	1.98	
      1.00	0.00	27.31	5.12	6.47	3.32	0.67	6.06	5.25	1.79	3.29	1.18	3.91	2.13	0.15	2.49	0.32	1.20	
      1.02	0.00	5.82	4.23	1.78	4.48	6.73	6.95	3.91	0.77	2.90	0.54	1.65	3.14	1.16	1.89	0.28	0.73	
      1.04	0.00	1.89	2.24	3.80	11.41	4.20	3.27	1.78	0.56	2.24	2.24	3.42	0.61	0.50	3.72	1.83	0.37	
      1.07	0.00	1.40	2.63	11.06	3.77	1.42	4.36	1.49	0.31	3.77	0.60	0.19	1.86	1.90	1.91	0.63	1.83	
      1.09	0.00	12.19	2.25	11.44	7.91	3.92	0.53	4.37	1.17	2.13	0.73	1.68	2.26	2.03	2.53	0.56	1.35	
      1.11	0.00	5.87	2.96	7.47	19.05	3.71	9.39	3.71	2.69	1.92	2.71	3.71	6.00	1.52	0.49	0.69	0.32	
      1.14	0.00	3.94	4.48	3.99	12.79	1.94	6.33	0.04	3.13	0.54	0.02	3.60	8.84	1.37	3.61	0.09	1.03	
      1.16	0.00	15.77	5.36	6.83	4.87	4.48	3.93	0.95	3.23	1.23	3.38	0.78	1.17	2.81	1.30	1.33	0.59	
      1.18	0.00	6.44	21.57	0.85	1.49	0.95	1.92	3.12	3.77	0.02	1.05	1.39	0.17	1.37	0.86	0.54	2.86	
      1.21	0.00	0.69	14.76	6.95	7.63	9.95	3.65	2.01	1.95	3.44	1.74	1.87	1.73	5.51	3.97	0.27	0.11	
      1.23	0.00	9.86	2.10	1.82	7.65	17.57	1.17	3.20	1.21	1.16	1.17	6.16	0.34	0.86	4.97	1.10	1.81	
      1.25	0.00	3.63	2.88	9.66	4.03	5.68	0.40	6.84	5.48	1.36	1.06	2.17	2.25	6.40	1.37	2.01	0.10	
      1.28	0.00	3.18	11.84	8.73	0.58	4.65	0.48	6.54	2.21	2.38	1.67	0.10	5.64	5.00	0.88	0.71	0.33	
      1.30	0.00	10.61	6.07	2.26	9.49	10.16	4.55	1.87	1.01	0.80	0.43	3.19	4.15	0.90	2.72	0.03	0.36	
      1.32	0.00	3.53	10.26	2.83	2.15	5.45	4.41	1.59	4.64	0.94	1.12	3.91	3.24	0.72	0.17	0.23	1.63	
      1.35	0.00	13.60	6.98	3.52	1.92	5.25	5.49	4.58	3.31	0.38	2.82	2.40	1.16	2.84	0.75	0.04	1.24	
      1.37	0.00	3.45	8.25	12.26	3.74	6.70	1.23	2.64	2.39	0.20	0.51	4.41	0.09	2.41	1.75	2.36	1.57	
      1.39	0.00	11.81	17.56	5.16	4.85	5.08	6.79	4.16	0.36	3.28	0.51	0.31	1.10	0.11	6.23	0.37	0.13	
      1.42	0.00	8.23	9.72	10.19	12.49	12.34	7.14	3.54	1.55	0.99	0.46	1.97	2.95	0.04	2.37	2.49	3.46	
      1.44	0.00	8.96	0.56	1.00	7.19	2.84	0.69	2.01	4.34	1.98	3.45	1.79	1.62	1.70	2.03	0.90	0.16	
      1.46	0.00	3.75	7.80	16.28	8.10	3.71	1.14	3.55	1.39	0.12	0.34	0.50	1.12	0.72	1.60	2.02	0.73	
      1.49	0.00	19.31	2.13	3.77	9.74	6.02	5.00	2.69	1.33	0.46	0.38	0.06	0.61	2.00	0.22	3.26	1.08	
      1.51	0.00	6.20	14.28	0.99	1.03	0.20	3.96	4.27	1.57	0.91	0.82	1.92	3.98	3.34	0.55	0.53	0.69	
      1.53	0.00	11.12	10.63	1.88	2.37	1.48	1.05	5.69	6.38	1.47	0.58	3.01	0.82	4.00	1.37	0.10	1.02	
      1.56	0.00	4.16	4.73	18.58	0.79	12.97	5.63	0.52	2.95	0.97	1.19	4.69	3.98	2.26	0.04	3.87	0.84	
      1.58	0.00	4.25	9.75	2.85	6.59	1.75	3.51	0.67	1.97	2.63	2.49	0.21	4.14	0.70	2.06	0.62	0.21	
      1.60	0.00	22.74	6.27	8.85	1.76	8.43	1.35	0.60	0.17	0.56	0.10	0.89	1.45	0.25	2.93	1.09	0.14	
      1.63	0.00	18.29	5.36	12.36	10.75	1.08	2.53	3.44	0.24	3.52	0.42	3.62	2.02	3.86	1.29	1.04	0.17	
      1.65	0.00	10.69	0.70	3.46	4.98	1.06	1.60	3.72	0.46	1.30	2.48	0.70	4.26	2.64	1.08	0.02	0.81	
      1.67	0.00	3.24	20.73	1.53	5.62	2.45	0.30	1.19	0.50	1.95	2.26	2.90	0.35	1.38	2.29	0.39	2.53	
      1.70	0.00	8.79	0.80	16.29	0.77	2.07	4.95	2.30	3.71	0.76	2.72	0.47	2.17	1.30	1.63	2.69	0.18	
      1.72	0.00	12.46	10.88	6.90	8.87	1.21	2.00	2.49	4.53	0.82	2.49	1.36	4.82	0.96	2.03	1.24	1.98	
      1.74	0.00	0.95	7.11	1.65	13.82	4.80	0.22	8.16	1.84	0.51	2.47	0.84	3.72	3.11	3.51	1.49	0.94	
      1.76	0.00	8.77	1.93	2.09	8.99	3.54	0.94	0.60	1.13	2.80	1.66	0.89	3.64	0.63	0.92	0.51	1.30	
      1.79	0.00	3.16	9.66	0.37	7.57	15.08	8.67	4.67	5.92	1.62	0.01	5.31	5.89	2.18	2.63	1.73	0.78	
      1.81	0.00	7.35	4.84	0.52	1.90	2.82	1.69	3.42	2.15	1.86	2.35	2.98	0.73	0.90	2.80	2.16	0.46	
      1.83	0.00	0.95	6.73	8.87	11.80	4.55	2.62	1.02	0.99	1.97	1.56	2.19	2.94	4.41	1.41	1.13	0.27	
      1.86	0.00	2.13	8.02	25.07	13.59	3.06	5.65	3.34	2.74	0.37	0.72	1.77	2.36	2.92	4.90	4.84	1.43	
      1.88	0.00	5.83	13.72	2.37	22.85	0.85	6.68	0.01	0.47	1.60	4.17	0.59	4.39	5.03	4.24	1.48	0.75	
      1.90	0.00	15.43	6.27	11.47	1.38	1.43	4.38	0.08	0.39	0.34	0.85	1.15	1.58	0.44	1.59	0.05	0.01	
      1.93	0.00	2.86	1.65	2.39	0.82	6.14	4.72	2.43	1.36	1.50	1.61	4.74	2.91	2.76	0.81	0.00	1.70	
      1.95	0.00	11.24	3.01	5.24	9.09	11.05	0.30	3.97	2.95	0.88	2.97	0.33	0.49	2.68	0.30	2.14	0.07	
      1.97	0.00	11.63	0.86	6.63	7.69	2.15	4.15	2.96	0.36	0.12	2.02	0.53	0.82	1.57	0.84	1.29	0.98	
      2.00	0.00	1.50	2.16	2.55	1.97	0.37	1.94	3.11	0.80	0.24	1.99	2.85	2.02	2.20	1.11	0.30	0.18	
      2.02	0.00	7.93	19.37	3.10	12.43	2.93	1.44	3.21	2.53	2.06	0.84	2.34	2.02	3.87	3.54	0.47	0.11	
      2.04	0.00	7.96	7.71	6.85	0.48	1.81	2.71	11.79	3.39	3.77	1.06	4.50	1.55	2.36	1.55	3.25	1.16	
      2.07	0.00	5.44	19.75	3.12	3.17	1.73	6.62	3.99	1.45	0.72	3.07	4.73	1.84	2.44	0.43	1.31	0.26	
      2.09	0.00	6.90	8.98	3.19	22.98	2.34	1.88	0.43	1.11	1.05	3.83	1.10	2.95	1.02	1.32	2.59	0.53	
      2.11	0.00	11.95	7.32	10.12	9.62	5.09	1.31	1.33	6.09	0.27	0.45	5.49	0.33	1.94	2.23	2.16	1.56	
      2.14	0.00	1.16	14.82	1.34	2.46	1.52	6.59	2.28	2.83	0.23	3.46	4.30	1.25	3.10	1.61	1.16	1.95	
      2.16	0.00	0.01	1.59	3.71	7.69	7.64	5.20	1.10	0.85	1.47	5.13	5.51	2.31	0.30	0.98	1.34	0.28	
      2.18	0.00	4.81	0.84	0.06	9.75	5.12	3.10	0.89	3.02	0.57	1.83	1.14	0.81	0.15	0.57	0.22	0.45	
      2.21	0.00	0.27	13.33	3.41	6.26	11.88	5.52	2.39	1.56	0.34	2.16	2.17	1.69	4.12	2.54	0.86	1.20	
      2.23	0.00	2.85	1.84	7.40	13.86	2.74	3.97	5.35	1.02	2.47	2.77	1.77	0.60	4.03	3.50	2.93	0.70	
      2.25	0.00	4.55	1.33	8.94	14.38	20.60	10.68	3.06	2.42	0.50	4.20	6.61	1.02	1.32	6.44	4.10	0.65	
      2.28	0.00	6.16	0.56	5.86	1.95	7.70	6.24	3.44	2.31	2.51	0.64	0.70	3.06	0.26	0.76	1.40	0.22	
      2.30	0.00	0.76	12.42	11.08	6.32	7.77	0.38	0.17	0.44	2.41	1.55	0.23	0.53	2.25	3.34	1.93	1.37	
      2.32	0.00	4.61	18.70	4.29	2.25	1.41	5.88	0.09	3.72	0.65	0.57	1.33	2.25	2.02	2.33	1.59	0.55	
      2.35	0.00	3.71	8.32	2.41	7.97	2.16	6.02	0.50	0.44	2.52	3.86	1.02	3.59	0.43	1.80	0.16	1.83	
      2.37	0.00	11.24	14.53	4.05	14.83	2.16	8.90	5.46	0.08	3.25	5.42	3.01	0.18	3.08	0.07	2.62	0.03	
      2.39	0.00	4.74	2.55	1.08	0.51	5.99	3.05	1.86	0.21	1.07	2.11	3.33	3.10	0.37	2.70	0.50	0.71	
      2.41	0.00	3.06	3.97	15.00	14.58	5.54	14.46	1.73	2.78	0.03	5.21	1.84	5.30	4.83	1.21	2.72	1.00	
      2.44	0.00	4.83	1.61	2.44	14.49	8.14	1.19	1.33	1.72	0.02	1.11	1.86	3.15	1.51	1.76	0.83	0.22	
      2.46	0.00	6.61	0.10	3.84	7.88	4.69	5.87	0.68	2.61	1.24	0.90	0.64	3.63	2.23	1.14	1.40	0.26	
      2.48	0.00	9.49	12.66	8.01	11.26	2.61	1.75	3.48	1.44	1.80	0.46	2.30	5.54	0.03	0.82	0.89	0.30	
      2.51	0.00	13.68	1.13	12.65	15.46	11.03	8.46	1.68	3.25	0.18	1.71	0.08	0.09	0.35	2.22	0.87	0.58	
      2.53	0.00	1.59	10.52	8.63	3.86	11.97	9.20	0.46	5.88	2.08	1.65	2.76	5.07	0.84	2.39	0.41	0.24	
      2.55	0.00	1.44	0.35	5.34	12.37	2.21	8.14	2.35	3.66	0.64	2.12	1.33	5.94	2.13	0.49	2.08	0.85	
      2.58	0.00	6.08	2.03	4.16	0.97	12.15	1.46	1.99	0.70	1.73	0.44	1.37	0.56	1.56	3.40	0.93	0.52	
      2.60	0.00	0.42	3.55	17.13	0.51	1.50	3.98	2.33	1.36	1.57	0.19	0.44	3.58	2.76	1.05	1.29	1.81	
      2.62	0.00	1.62	6.05	1.45	12.41	0.96	0.12	3.82	4.47	0.04	5.25	1.85	0.15	0.59	2.10	1.18	0.85	
      2.65	0.00	7.82	10.01	6.92	6.58	1.02	0.60	1.78	3.70	0.27	1.96	0.28	3.72	1.09	0.66	1.45	0.25	
      2.67	0.00	7.20	21.32	14.72	7.61	2.47	2.45	5.47	0.98	1.52	0.64	3.87	0.23	1.56	2.68	0.30	0.04	
      2.69	0.00	0.40	24.05	5.04	1.65	8.26	9.66	2.60	1.56	2.66	0.68	2.24	2.96	4.52	2.62	2.91	1.06	
      2.72	0.00	12.41	14.75	13.76	6.28	12.92	3.69	3.55	3.90	2.32	2.98	3.41	2.94	8.47	3.39	0.33	1.06	
      2.74	0.00	13.20	22.16	6.28	10.31	2.60	0.35	4.11	0.41	3.06	0.58	3.30	0.62	1.75	1.84	0.48	0.73	
      2.76	0.00	9.39	9.17	13.14	7.48	13.75	0.92	1.81	3.15	1.27	1.21	2.12	1.72	1.64	0.09	1.50	0.29	
      2.79	0.00	2.08	2.08	1.26	6.86	3.57	4.18	3.50	0.60	2.84	0.16	1.71	1.18	4.21	0.58	0.06	0.65	
      2.81	0.00	6.68	4.70	6.15	8.21	7.57	5.99	1.23	0.23	0.13	4.23	3.64	3.40	0.66	1.76	0.16	0.58	
      2.83	0.00	6.16	12.23	0.47	4.02	1.44	2.86	1.34	6.40	0.79	3.57	3.00	1.67	0.72	1.76	0.41	1.05	
      2.86	0.00	2.23	0.33	4.02	0.27	0.36	5.54	4.06	2.56	0.53	3.84	0.21	0.28	2.53	0.71	0.44	0.26	
      2.88	0.00	18.52	0.66	1.18	1.44	5.64	4.86	1.27	2.53	0.34	1.79	6.54	0.74	2.23	0.75	1.36	0.94	
      2.90	0.00	3.34	11.40	2.40	3.35	1.28	1.87	6.32	3.60	0.17	1.08	1.47	2.69	3.39	1.18	0.54	1.62	
      2.93	0.00	0.42	4.25	4.68	1.41	3.00	3.82	4.77	1.86	0.48	0.05	0.92	1.46	1.90	0.84	0.68	0.54	
      2.95	0.00	22.31	1.56	8.45	4.75	4.22	10.36	7.34	1.16	0.72	0.11	7.27	5.40	0.72	2.59	0.66	0.40	
      2.97	0.00	1.26	6.77	4.94	6.90	0.15	3.65	0.84	5.50	1.73	0.92	3.37	0.98	2.00	2.07	0.36	0.29	
      3.00	0.00	15.16	7.58	23.32	14.41	1.04	2.85	0.75	3.45	3.18	6.47	0.63	0.89	3.02	1.93	0.05	0.43	
      3.02	0.00	6.44	21.68	10.29	6.48	1.68	2.38	1.96	1.76	3.09	1.88	1.92	1.30	2.25	3.83	0.86	0.08	
      3.04	0.00	7.38	8.56	11.13	1.06	3.47	0.95	1.75	1.98	1.16	1.39	1.97	1.33	1.19	0.88	3.32	1.32	
      3.07	0.00	2.97	2.41	2.46	1.82	1.23	5.87	4.94	0.33	0.48	0.36	1.83	1.38	0.32	0.58	0.83	0.92	
      3.09	0.00	6.90	7.62	5.00	6.16	3.03	0.63	6.94	4.41	3.26	0.00	3.03	4.05	0.68	0.47	0.29	0.80	
      3.11	0.00	1.89	1.47	17.82	1.90	1.17	7.78	0.37	3.13	0.25	4.05	1.83	3.58	3.00	0.40	3.18	1.14	
      3.13	0.00	0.57	8.41	2.16	4.09	1.76	2.45	5.13	2.16	2.14	0.91	1.19	1.17	1.28	0.37	1.22	1.67	
      3.16	0.00	9.96	3.37	2.38	9.82	6.31	10.53	0.65	1.42	1.11	1.29	3.32	2.97	4.98	1.66	0.51	0.59	
      3.18	0.00	0.08	6.70	6.39	10.90	2.38	1.79	3.54	1.49	0.63	1.12	1.67	3.91	0.24	0.28	0.81	1.58	
      3.20	0.00	1.75	5.61	9.85	5.71	0.71	5.69	1.80	0.45	2.35	0.24	1.36	3.23	1.62	0.11	2.19	0.61	
      3.23	0.00	5.00	2.25	12.48	8.09	0.27	3.25	4.92	2.19	0.29	1.32	2.10	0.28	1.08	2.29	0.05	0.16	
      3.25	0.00	15.84	13.10	1.70	9.72	0.12	5.68	0.38	0.29	0.07	3.26	2.93	2.16	0.81	1.23	1.69	1.14	
      3.27	0.00	5.53	0.14	5.41	0.22	0.85	6.31	1.35	1.46	0.37	1.88	0.39	1.71	3.23	0.46	0.87	1.67	
      3.30	0.00	2.19	12.55	18.14	1.47	5.54	3.52	3.12	0.56	0.47	2.18	3.40	2.13	4.24	2.53	0.19	0.23	
      3.32	0.00	12.66	7.41	2.96	2.15	19.63	5.00	1.40	1.41	1.17	0.95	5.71	0.20	6.11	1.13	3.16	0.23	
      3.34	0.00	9.61	3.52	6.27	3.73	3.85	2.15	2.55	1.06	0.00	1.79	4.24	6.03	0.28	0.59	0.28	0.82	
      3.37	0.00	4.18	7.92	5.44	1.64	2.90	4.19	3.86	0.65	1.42	1.74	1.42	7.53	1.75	0.25	0.57	0.45	
      3.39	0.00	5.27	12.40	0.98	3.67	6.33	4.45	0.83	1.12	0.10	0.63	1.08	1.00	1.60	1.42	0.01	0.66	
      3.41	0.00	16.08	1.25	13.10	8.49	0.24	8.11	0.92	2.35	0.31	1.15	3.05	2.81	3.48	1.84	0.96	0.06	
      3.44	0.00	0.42	6.64	1.43	6.87	3.26	6.69	1.47	0.56	1.33	0.90	1.16	2.64	2.92	3.25	1.28	0.36	
      3.46	0.00	0.69	24.53	15.47	8.44	2.83	0.28	5.96	0.05	0.61	2.38	3.42	1.92	2.60	4.57	2.05	0.65	
      3.48	0.00	9.05	12.20	13.88	6.73	6.95	0.48	4.31	2.46	2.18	2.19	2.32	0.28	5.18	0.64	0.77	2.12	
      3.51	0.00	3.09	0.72	10.12	10.20	3.86	2.40	3.91	3.18	2.47	4.69	0.11	5.16	0.08	1.25	3.19	1.13	
      3.53	0.00	21.58	17.25	8.92	4.54	10.46	5.27	3.60	1.22	0.61	0.53	0.14	0.09	1.15	1.06	0.03	1.27	
      3.55	0.00	12.34	21.52	11.13	3.36	4.71	0.86	2.30	1.79	1.13	1.72	1.36	6.06	0.78	0.93	1.86	1.67	
      3.58	0.00	0.24	4.65	1.49	1.99	10.02	6.78	3.68	3.49	1.19	2.32	0.72	1.90	1.21	0.36	1.91	0.84	
      3.60	0.00	9.30	4.50	0.28	7.53	2.26	9.34	1.08	2.38	0.75	1.47	0.32	2.68	2.73	0.10	0.23	0.44	
      3.62	0.00	4.77	11.43	6.05	0.65	8.00	6.77	0.43	2.79	1.29	2.66	1.16	4.36	2.61	0.16	1.75	1.29	
      3.65	0.00	17.18	5.78	2.49	2.13	2.78	11.73	7.74	0.74	2.58	4.30	4.90	0.70	3.07	1.54	3.11	0.87	
      3.67	0.00	2.63	14.28	0.07	5.56	0.62	2.50	12.12	3.02	3.96	2.23	0.68	2.97	2.68	3.21	0.28	0.21	
      3.69	0.00	7.18	6.98	3.51	7.36	2.77	5.32	4.25	0.93	3.47	2.13	3.63	2.49	1.20	1.38	0.55	0.31	
      3.72	0.00	7.96	1.76	2.42	1.18	1.24	1.81	3.02	4.76	1.21	1.32	2.51	1.92	0.02	1.32	2.14	0.10	
      3.74	0.00	1.12	7.55	18.35	9.31	6.13	4.43	2.18	2.58	1.52	2.08	0.38	1.90	0.63	0.04	3.08	1.06	
      3.76	0.00	10.60	0.00	10.60	3.79	12.44	5.38	4.60	1.11	2.00	3.89	9.70	0.55	5.06	1.44	2.70	1.63	
      3.78	0.00	12.49	2.56	4.82	10.15	3.61	2.25	3.01	1.93	0.28	1.66	1.04	0.94	2.61	1.14	2.25	1.64	
      3.81	0.00	11.76	1.46	12.17	12.68	1.94	1.66	0.23	0.46	1.30	1.43	0.04	0.61	2.89	5.17	1.15	0.52	
      3.83	0.00	9.53	5.40	9.11	11.61	3.76	0.27	0.02	1.39	0.62	0.67	0.91	0.33	2.52	3.26	1.24	0.98	
      3.85	0.00	14.63	0.86	8.36	3.88	1.75	5.69	2.75	0.95	1.62	1.10	0.82	5.02	2.13	0.34	0.88	0.11	
      3.88	0.00	4.98	3.98	2.09	2.82	0.21	4.87	4.05	1.26	2.51	2.65	2.11	2.53	0.02	1.18	0.09	0.43	
      3.90	0.00	9.32	1.50	5.47	6.26	6.33	3.58	6.93	4.23	1.16	3.22	3.12	1.32	0.98	3.42	1.05	0.27	
      3.92	0.00	0.44	5.11	1.65	7.02	6.62	4.67	2.85	2.67	1.91	1.43	1.64	4.53	1.99	2.18	0.87	0.98	
      3.95	0.00	2.90	12.56	5.37	9.42	0.47	2.32	0.55	2.06	0.67	0.52	2.56	3.72	2.48	2.47	0.55	0.33	
      3.97	0.00	5.73	1.92	1.15	1.26	9.64	7.12	6.18	2.31	2.11	0.38	3.62	1.91	2.00	3.03	0.73	0.43	
      3.99	0.00	10.74	7.34	0.71	11.16	4.89	2.03	2.50	2.84	1.67	5.13	1.37	4.49	3.44	1.93	0.77	0.18	
      4.02	0.00	4.11	3.58	3.60	11.81	0.14	10.76	2.46	0.26	0.64	0.25	2.94	5.70	1.89	3.90	0.32	0.14	
      4.04	0.00	8.33	4.41	10.00	4.14	6.18	1.10	1.56	3.54	3.03	3.66	1.93	0.31	4.46	0.49	0.58	0.87	
      4.06	0.00	8.09	8.64	9.32	2.08	8.46	2.48	3.39	2.05	1.07	1.40	2.90	2.72	4.48	0.49	1.30	1.16	
      4.09	0.00	3.24	13.19	19.01	6.09	0.82	11.88	3.73	3.63	1.21	1.94	2.25	4.03	7.33	1.29	0.11	0.91	
      4.11	0.00	4.90	11.22	4.59	6.34	8.16	7.09	4.13	3.44	1.42	1.66	0.27	2.40	0.71	3.10	1.32	0.25	
      4.13	0.00	8.70	3.40	16.30	0.29	2.45	1.05	0.43	3.92	0.05	2.05	0.50	0.91	4.40	0.28	1.47	0.56	
      4.16	0.00	0.95	7.95	11.14	13.85	0.23	4.80	4.30	1.39	1.96	2.76	2.57	1.87	3.77	2.60	0.76	0.62	
      4.18	0.00	2.75	0.33	19.68	3.64	5.11	0.22	1.98	0.06	0.43	0.45	3.75	3.09	3.49	1.76	2.02	1.13	
      4.20	0.00	3.29	1.33	12.24	3.76	7.21	1.25	2.92	6.38	0.27	1.04	1.41	2.06	3.20	1.17	0.74	0.60	
      4.23	0.00	0.82	10.83	15.31	5.67	4.97	8.14	1.30	0.73	0.95	1.19	0.38	4.48	0.40	1.50	3.40	0.73	
      4.25	0.00	8.31	14.29	6.43	5.26	10.13	1.09	6.93	3.63	1.90	0.11	2.13	2.51	1.11	2.03	3.48	2.31	
      4.27	0.00	0.61	2.14	3.18	1.73	1.44	0.17	2.19	1.53	0.25	3.12	1.03	0.16	0.28	1.88	0.87	0.41	
      4.30	0.00	0.79	1.30	1.81	0.38	1.50	2.47	0.16	1.14	0.48	0.02	0.05	2.32	1.71	1.09	1.70	0.06	
      4.32	0.00	4.12	13.03	6.01	1.50	3.17	0.82	1.76	4.15	0.95	2.10	0.45	0.58	0.56	0.05	1.18	1.05	
      4.34	0.00	13.19	7.20	7.32	4.51	2.72	3.09	0.52	1.14	0.31	0.48	0.85	2.39	0.24	0.08	1.32	0.01	
      4.37	0.00	11.66	5.41	3.68	2.85	5.51	3.78	0.12	0.56	0.30	0.23	0.83	3.36	1.04	3.23	1.83	0.39	
      4.39	0.00	2.19	8.19	7.26	2.20	5.85	2.84	4.92	6.19	1.69	0.79	2.60	1.37	0.82	1.67	2.16	0.20	
      4.41	0.00	8.53	2.32	1.01	3.11	4.23	3.24	0.48	2.17	0.50	1.84	0.26	1.43	2.30	1.87	0.12	0.45	
      4.44	0.00	4.59	4.49	9.77	3.25	3.65	17.67	1.99	0.05	0.09	4.53	1.38	6.80	1.47	2.25	0.20	0.32	
      4.46	0.00	12.50	5.96	20.61	6.36	2.94	2.51	5.27	0.26	0.16	0.80	0.27	1.97	9.23	6.16	1.65	0.09	
      4.48	0.00	14.57	9.35	2.42	0.16	4.73	5.59	0.29	3.52	0.88	3.87	2.25	3.50	2.33	0.94	0.03	1.36	
      4.50	0.00	6.39	0.88	18.88	2.99	4.20	0.22	0.06	0.31	1.63	1.68	0.42	3.59	6.62	0.88	0.82	0.91	
      4.53	0.00	1.43	3.02	14.91	1.73	3.22	3.53	4.64	3.66	0.06	3.21	4.35	0.97	1.62	0.69	2.78	0.59	
      4.55	0.00	4.25	1.57	1.83	7.56	5.67	0.77	0.80	4.17	0.81	1.52	0.68	0.02	0.21	1.56	0.91	0.90	
      4.57	0.00	3.67	2.08	4.33	11.72	1.91	1.62	0.86	4.85	0.72	0.08	3.87	0.44	3.44	4.02	0.10	0.89	
      4.60	0.00	5.65	0.38	5.15	13.68	13.81	5.74	1.81	4.43	1.71	3.25	1.22	5.63	4.46	3.97	2.77	0.40	
      4.62	0.00	4.76	8.63	0.77	9.04	6.37	2.18	4.51	0.71	0.11	0.28	1.99	1.89	1.44	1.88	1.83	1.14	
      4.64	0.00	6.13	9.30	17.43	2.61	2.55	0.34	0.61	0.87	0.21	1.61	3.64	2.42	2.63	0.97	1.98	2.56	
      4.67	0.00	10.33	1.18	11.20	12.27	6.54	3.43	1.75	2.72	2.06	0.41	6.31	2.17	2.47	2.96	0.79	0.49	
      4.69	0.00	8.97	2.87	10.84	9.21	9.36	2.32	2.72	2.79	0.26	2.98	1.31	1.39	2.17	0.76	1.29	0.03	
      4.71	0.00	8.00	0.17	2.17	0.36	12.50	2.01	2.30	2.80	2.28	0.15	3.05	0.77	2.57	2.19	1.79	1.47	
      4.74	0.00	8.94	5.30	19.08	2.99	0.66	11.35	0.24	1.13	2.13	1.94	2.68	1.09	0.66	1.40	3.34	1.13	
      4.76	0.00	4.30	5.77	9.70	6.38	0.85	2.77	2.23	1.30	1.10	0.43	1.56	3.24	0.44	1.93	3.41	0.82	
      4.78	0.00	0.64	8.91	18.44	3.79	5.27	0.68	2.68	0.02	3.95	2.62	0.90	4.38	1.64	1.71	3.25	2.41	
      4.81	0.00	16.28	8.37	14.32	1.78	3.94	3.06	5.94	0.27	4.05	1.18	1.68	2.01	0.92	0.90	1.91	2.82	
      4.83	0.00	4.91	4.89	7.88	7.29	5.38	3.97	1.36	5.23	0.78	0.51	1.98	3.16	0.01	1.30	0.70	0.25	
      4.85	0.00	8.72	2.28	0.38	8.71	12.37	2.31	4.95	3.60	0.13	0.10	2.14	3.97	3.75	2.44	0.72	0.02	
      4.88	0.00	8.02	10.18	1.48	3.02	0.13	4.88	5.64	0.74	0.72	1.87	0.34	1.14	0.05	4.28	2.91	0.08	
      4.90	0.00	4.13	18.06	8.32	0.11	2.81	1.45	4.56	5.02	0.09	0.42	0.18	1.13	1.97	2.16	0.83	1.13	
      4.92	0.00	1.63	2.79	4.47	2.25	4.10	0.34	3.32	3.34	3.03	2.42	0.81	0.09	1.56	1.74	0.44	0.33	
      4.95	0.00	11.64	4.01	7.82	5.40	1.73	2.70	4.19	0.48	2.45	2.24	0.97	1.23	0.66	1.13	2.44	0.17	
      4.97	0.00	5.98	10.40	14.74	7.31	0.77	1.84	1.97	6.22	0.37	1.89	1.15	4.26	3.32	5.93	0.73	0.83	
      4.99	0.00	2.08	3.39	13.64	5.21	8.08	3.17	1.45	3.28	0.17	1.34	1.61	2.75	3.82	1.53	0.78	0.01	
      5.02	0.00	2.94	4.23	24.25	2.25	5.64	0.23	4.43	1.96	1.64	0.51	0.55	0.46	1.12	0.60	3.77	2.69	
      5.04	0.00	10.51	2.56	4.21	14.19	0.55	4.14	1.76	3.24	2.18	2.84	2.99	1.03	2.54	4.59	0.88	1.87	
      5.06	0.00	12.93	12.83	16.23	5.08	3.97	9.72	7.67	3.19	1.28	1.55	3.41	2.78	5.51	0.21	1.66	1.33	
      5.09	0.00	2.46	2.98	17.74	6.15	11.21	2.03	2.12	2.99	0.57	2.93	3.39	3.05	5.64	1.96	0.82	0.11	
      5.11	0.00	5.20	7.49	8.29	8.91	0.67	10.52	5.46	3.69	0.60	2.58	1.20	9.73	0.55	0.83	0.20	1.35	
      5.13	0.00	18.32	5.60	0.03	2.48	0.78	12.29	4.87	6.21	2.62	1.60	3.92	2.35	0.82	3.89	0.63	1.16	
      5.15	0.00	4.76	14.53	2.54	2.45	7.10	7.37	0.08	3.09	1.27	0.21	1.25	2.23	3.50	1.24	1.66	0.85	
      5.18	0.00	25.58	9.06	4.82	4.96	13.17	7.42	2.07	0.98	1.67	6.53	1.17	3.49	2.17	4.85	0.12	0.55	
      5.20	0.00	9.89	3.38	5.84	9.69	6.91	4.69	2.57	0.72	0.78	1.22	4.61	3.73	1.84	1.08	0.85	0.18	
      5.22	0.00	6.58	5.71	0.31	15.54	0.37	0.22	1.08	0.26	0.74	0.69	2.51	2.04	2.63	6.40	0.38	0.92	
      5.25	0.00	9.72	1.03	8.51	11.36	1.66	1.30	0.79	1.18	0.07	0.06	2.52	2.01	5.55	0.47	1.15	0.28	
      5.27	0.00	11.54	12.28	1.62	5.63	1.93	2.58	0.83	0.30	2.30	0.10	1.84	3.54	0.13	2.66	0.55	0.57	
      5.29	0.00	0.93	9.44	1.30	0.36	2.59	0.51	8.89	0.63	0.18	1.97	1.16	2.87	0.46	1.94	0.00	0.12	
      5.32	0.00	5.35	14.44	7.23	5.63	5.40	2.17	6.08	4.33	3.50	0.67	3.80	0.16	4.44	2.37	0.18	0.15	
      5.34	0.00	5.56	0.57	16.43	9.98	14.90	2.83	1.48	1.88	2.02	5.55	1.88	0.58	3.95	1.87	3.97	2.48	
      5.36	0.00	8.10	10.75	6.29	7.02	3.14	6.36	0.47	1.84	1.17	2.70	2.68	2.16	1.15	1.67	1.42	0.04	
      5.39	0.00	18.70	11.99	8.01	2.41	3.09	0.92	6.37	1.28	0.52	2.07	1.84	1.13	0.73	1.60	0.47	0.18	
      5.41	0.00	2.17	10.05	0.27	4.14	13.14	7.94	4.42	0.41	2.49	0.75	0.96	3.09	1.86	1.95	1.10	0.02	
      5.43	0.00	2.06	10.62	0.44	3.76	2.90	0.22	2.57	0.38	2.12	0.36	1.50	4.68	3.41	3.90	1.17	1.34	
      5.46	0.00	6.84	3.83	1.81	7.44	8.18	1.59	2.70	0.70	2.10	1.17	0.24	1.00	1.58	0.68	0.39	0.53	
      5.48	0.00	1.39	0.54	11.39	1.05	7.07	3.75	3.01	1.83	0.74	0.99	3.31	0.69	6.46	0.16	0.01	0.56	
      5.50	0.00	1.28	0.79	6.03	1.56	8.51	0.72	0.88	4.19	0.61	0.44	3.30	3.62	1.93	1.39	0.61	0.04	
      5.53	0.00	1.17	25.43	15.54	7.83	6.26	5.93	3.49	0.35	2.72	2.86	5.27	4.28	3.83	0.98	1.52	1.73	
      5.55	0.00	6.66	2.75	14.67	9.14	12.07	1.23	0.88	1.71	0.28	4.23	0.98	1.08	2.39	1.78	0.02	0.44	
      5.57	0.00	10.69	2.04	2.16	1.88	6.78	2.86	2.20	2.89	0.77	1.23	1.71	1.33	0.12	2.92	1.15	0.56	
      5.60	0.00	6.13	4.02	9.82	7.59	10.80	1.10	3.19	4.64	0.07	0.65	3.56	3.73	0.84	0.15	0.76	0.67	
      5.62	0.00	19.26	11.44	5.87	3.65	1.73	0.59	5.44	5.52	3.00	3.32	0.69	4.54	0.38	3.10	3.11	0.77	
      5.64	0.00	7.35	14.63	10.46	7.60	4.60	0.21	3.56	3.84	0.25	2.03	3.02	1.84	1.36	4.40	2.44	0.96	
      5.67	0.00	4.03	1.93	5.67	2.71	1.58	0.33	2.08	2.47	1.43	0.19	0.89	2.99	3.41	1.26	0.92	0.85	
      5.69	0.00	8.80	1.05	9.74	5.73	3.98	7.18	3.01	1.36	2.23	0.57	1.89	0.21	4.57	1.57	1.04	0.89	
      5.71	0.00	20.80	3.90	1.96	24.58	1.21	3.74	0.28	4.67	0.38	0.97	4.44	1.68	1.06	4.31	0.83	1.02	
      5.74	0.00	14.95	15.56	10.32	1.66	0.36	8.03	2.57	0.21	2.18	1.31	0.08	1.57	2.85	0.03	2.81	0.48	
      5.76	0.00	3.42	13.24	3.92	4.11	7.25	3.20	4.70	4.79	1.45	0.90	2.85	2.21	0.63	1.54	0.70	1.17	
      5.78	0.00	26.09	8.14	24.35	9.37	1.97	0.36	5.85	1.43	1.88	0.77	1.25	3.33	0.42	3.21	3.53	1.41	
      5.80	0.00	7.15	2.20	3.21	4.49	1.44	1.08	3.49	7.66	2.06	3.97	0.69	2.54	0.96	1.61	0.34	0.75	
      5.83	0.00	5.38	3.25	0.81	9.18	10.17	1.87	4.18	1.85	1.18	1.23	1.36	0.44	1.72	1.23	1.70	0.11	
      5.85	0.00	0.75	2.55	19.09	2.20	2.34	4.93	0.31	1.34	0.95	0.72	1.40	3.51	2.09	2.33	3.26	1.51	
      5.87	0.00	3.56	17.69	0.75	11.99	8.89	0.56	0.73	0.40	0.73	1.62	2.00	0.26	1.84	0.92	0.76	0.81	
      5.90	0.00	9.22	11.75	6.58	2.45	3.35	1.72	5.11	2.80	1.77	0.71	0.73	1.56	2.28	4.14	1.68	1.14	
      5.92	0.00	10.71	9.53	6.04	12.18	5.03	1.03	1.38	0.45	0.69	2.40	0.53	2.09	3.33	4.35	2.53	0.31	
      5.94	0.00	9.21	11.75	8.17	1.73	2.79	2.75	1.13	1.57	0.08	0.18	2.09	0.82	2.13	1.97	0.93	1.75	
      5.97	0.00	4.74	6.07	0.07	1.45	0.33	0.45	9.29	0.71	2.34	0.84	2.47	1.78	0.14	1.68	0.07	0.56	
      5.99	0.00	22.80	1.39	4.19	7.66	9.81	3.47	5.59	2.23	2.20	1.46	2.86	2.21	3.40	0.16	3.25	1.11	
      6.01	0.00	5.28	4.19	3.38	8.60	4.71	6.64	3.34	0.64	1.30	0.48	0.47	1.20	4.41	2.27	1.15	1.52	
      6.04	0.00	26.76	7.56	14.85	9.46	5.69	0.62	0.89	2.88	0.10	0.25	1.86	3.10	2.58	1.79	2.83	1.20	
      6.06	0.00	6.08	1.27	5.80	1.70	6.27	1.59	2.74	1.12	0.74	0.09	1.69	0.88	0.91	2.57	0.71	1.19	
      6.08	0.00	17.34	9.32	0.66	1.67	2.62	1.06	3.38	2.70	2.63	1.38	1.74	3.30	2.99	0.88	0.71	1.15	
      6.11	0.00	0.30	13.57	4.96	1.01	2.88	1.99	8.12	1.80	3.05	1.31	4.39	0.86	0.12	1.46	1.16	1.42	
      6.13	0.00	3.66	3.98	2.92	2.80	11.34	3.34	1.93	1.45	0.39	2.57	1.11	0.43	0.50	2.07	0.97	0.18	
      6.15	0.00	3.68	6.68	3.61	16.69	4.34	2.58	4.74	4.31	2.61	2.06	0.32	0.39	2.34	6.13	0.50	0.89	
      6.18	0.00	0.07	21.20	3.75	2.54	3.43	0.29	1.14	1.40	1.35	2.72	3.36	2.12	0.78	1.00	1.71	2.57	
      6.20	0.00	2.22	10.44	4.23	11.52	7.93	3.07	0.37	1.52	1.81	1.32	1.29	0.75	1.07	3.02	1.76	2.39	
      6.22	0.00	16.76	8.41	7.45	3.83	9.54	4.87	8.75	2.95	4.74	3.34	1.52	2.04	6.24	0.55	1.27	0.39	
      6.25	0.00	11.25	9.12	10.40	10.20	1.98	2.65	2.83	2.82	1.11	2.22	2.45	1.61	0.27	1.24	3.93	0.02	
      6.27	0.00	1.22	8.87	6.27	1.25	2.53	1.12	1.85	0.75	1.55	3.14	4.57	3.69	0.85	0.92	0.92	0.06	
      6.29	0.00	8.58	3.18	2.38	7.80	5.40	5.31	0.70	1.98	1.23	1.42	0.45	2.06	3.39	0.61	1.64	0.23	
      6.32	0.00	6.30	1.00	2.12	0.03	3.00	3.57	3.52	0.88	1.24	0.06	0.64	3.55	0.34	0.24	0.30	0.50	
      6.34	0.00	0.97	3.05	0.99	0.04	4.77	1.30	0.60	1.26	0.23	3.54	1.70	0.72	1.24	0.55	1.13	0.61	
      6.36	0.00	3.00	1.64	2.19	7.29	3.95	8.94	0.54	0.31	0.08	0.56	1.35	6.29	0.79	3.19	0.61	0.13	
      6.39	0.00	4.21	3.49	0.09	1.08	5.18	1.07	0.44	2.01	1.35	1.52	2.85	2.05	2.29	1.97	0.27	0.40	
      6.41	0.00	2.66	4.87	4.80	2.19	1.80	7.61	4.00	4.62	0.02	2.62	1.50	6.48	0.88	1.61	0.33	0.48	
      6.43	0.00	7.31	9.54	4.01	4.69	1.13	0.15	0.42	6.27	0.38	4.44	0.17	0.52	2.87	2.13	0.01	0.28	
      6.46	0.00	1.49	7.02	11.81	1.18	1.94	2.49	0.02	1.46	0.07	0.13	0.77	1.07	4.51	2.42	1.63	0.47	
      6.48	0.00	13.44	6.74	11.78	6.51	1.18	3.81	0.08	3.82	2.92	2.26	1.26	0.62	0.70	0.07	1.03	1.15	
      6.50	0.00	4.33	3.71	13.22	3.51	1.45	0.05	1.85	1.51	0.13	2.27	0.48	1.14	3.52	3.41	1.18	1.47	
      6.52	0.00	6.32	4.41	4.49	1.09	6.70	2.18	4.13	3.56	0.96	3.61	0.70	0.63	2.94	0.29	1.68	0.41	
      6.55	0.00	4.99	10.93	18.63	3.32	2.49	7.07	1.04	3.19	1.29	1.30	1.09	0.54	0.02	0.54	2.25	2.06	
      6.57	0.00	11.55	14.48	5.61	8.90	1.46	1.06	0.80	0.29	0.15	1.20	0.36	2.08	2.43	2.89	1.86	1.07	
      6.59	0.00	5.97	18.73	3.72	1.22	3.78	6.89	8.11	2.10	3.23	1.77	4.22	1.85	1.52	1.18	0.05	1.35	
      6.62	0.00	16.40	5.16	7.69	18.33	7.79	4.53	0.76	3.17	2.46	0.94	0.50	4.25	1.76	0.58	3.40	0.51	
      6.64	0.00	0.66	11.01	8.04	3.61	1.20	4.48	1.31	2.26	2.06	0.21	1.76	4.00	1.16	1.72	0.95	0.97	
      6.66	0.00	27.45	5.40	4.47	1.08	4.16	6.08	0.72	2.01	0.57	4.64	3.59	3.39	0.05	0.49	1.88	0.16	
      6.69	0.00	1.36	5.43	8.52	4.12	11.27	2.41	4.61	2.12	0.09	2.08	2.15	0.15	1.26	1.53	3.20	0.35	
      6.71	0.00	6.12	7.96	11.10	0.22	12.35	7.14	4.71	2.84	0.81	1.92	2.41	2.64	0.24	1.67	2.03	0.81	
      6.73	0.00	11.26	14.67	1.79	18.96	6.09	1.31	1.50	0.84	0.88	2.46	0.44	4.90	0.86	3.75	1.79	2.76	
      6.76	0.00	13.31	14.21	1.83	5.09	3.74	0.01	1.26	1.07	1.00	0.52	2.02	2.15	0.47	0.19	0.36	0.26	
      6.78	0.00	15.63	10.89	10.42	4.84	7.87	6.04	1.56	3.50	3.05	6.86	1.97	0.39	5.99	1.97	1.11	1.48	
      6.80	0.00	7.97	3.00	4.54	10.87	0.16	11.15	3.85	3.37	0.14	2.82	5.62	4.68	0.63	0.58	1.60	0.02	
      6.83	0.00	2.10	2.25	22.23	10.39	1.98	0.31	4.77	1.87	1.22	1.22	0.84	0.68	4.96	1.10	0.61	1.28	
      6.85	0.00	12.45	12.39	10.19	7.70	7.98	2.84	7.67	2.39	3.17	0.64	6.22	2.71	0.71	1.22	1.87	2.37	
      6.87	0.00	24.34	5.75	14.90	1.94	16.71	0.35	2.15	2.33	1.05	1.43	1.68	0.08	6.66	0.26	1.04	0.19	
      6.90	0.00	6.64	4.66	11.76	3.11	2.15	4.42	2.14	3.56	1.95	4.75	3.53	1.04	2.03	3.40	0.31	0.83	
      6.92	0.00	16.53	11.26	1.74	16.56	11.81	3.26	0.69	0.87	2.06	3.74	0.38	4.57	6.09	1.58	1.38	2.13	
      6.94	0.00	6.67	1.17	15.50	2.42	6.20	3.96	1.07	2.22	0.02	0.66	0.32	3.34	0.08	0.96	1.97	1.72	
      6.97	0.00	6.86	4.01	13.84	6.33	5.97	4.40	0.76	0.34	1.98	2.34	2.63	4.53	0.39	3.58	0.41	0.12	
      6.99	0.00	4.22	4.46	9.81	3.44	0.31	0.80	3.30	0.57	2.35	0.36	2.58	1.10	0.50	0.53	1.54	1.64	
      7.01	0.00	5.20	2.65	2.90	2.53	9.76	4.90	5.30	0.44	1.81	0.29	0.52	3.91	2.54	4.18	0.10	0.10	
      7.04	0.00	3.87	4.00	8.11	9.07	15.12	5.08	9.14	0.59	2.38	3.96	4.16	1.04	5.36	1.54	1.51	0.17	
      7.06	0.00	9.07	0.04	11.45	9.94	9.98	5.80	3.64	0.28	1.07	3.08	1.29	0.14	6.41	2.77	2.68	0.03	
      7.08	0.00	5.77	0.92	3.79	4.68	6.15	7.44	1.07	1.29	1.19	0.37	0.11	3.03	0.13	1.79	1.09	1.19	
      7.11	0.00	5.42	12.66	1.64	3.64	5.32	0.81	1.99	0.42	1.65	0.51	1.36	2.29	0.08	0.93	1.11	1.19	
      7.13	0.00	0.27	2.99	12.70	9.02	12.61	0.93	2.52	0.03	1.15	0.52	5.03	0.87	1.91	0.05	0.40	2.36	
      7.15	0.00	8.21	23.67	2.54	9.87	0.50	1.79	6.14	1.26	4.35	1.48	1.30	3.71	0.99	1.92	0.60	2.02	
      7.17	0.00	2.24	3.65	4.74	1.19	3.53	2.23	6.43	0.94	1.55	1.56	0.31	5.93	2.71	2.40	0.65	0.57	
      7.20	0.00	11.05	11.77	0.56	4.86	15.34	6.25	1.88	0.07	1.10	2.17	3.04	1.80	4.68	4.69	0.81	0.01	
      7.22	0.00	0.09	6.34	10.35	13.16	13.83	5.90	3.89	1.41	1.94	2.82	5.14	6.69	4.20	3.30	0.47	0.82	
      7.24	0.00	12.19	4.99	8.44	9.42	4.25	3.07	0.19	1.28	1.57	4.18	1.34	1.94	0.64	0.46	1.16	1.35	
      7.27	0.00	0.22	1.73	6.90	7.55	7.38	7.93	0.93	1.78	0.50	2.44	1.20	0.52	1.84	1.19	0.79	0.49	
      7.29	0.00	0.24	0.90	2.25	1.26	0.51	5.30	5.50	0.17	0.05	0.62	4.52	3.75	0.29	1.11	0.91	0.13	
      7.31	0.00	0.65	17.59	3.24	5.08	5.34	3.80	0.76	1.63	1.40	0.62	1.45	1.54	0.45	1.29	0.16	1.56	
      7.34	0.00	21.85	0.87	0.06	11.11	1.62	2.49	2.58	0.40	0.20	1.07	1.94	2.38	0.19	3.31	0.21	1.12	
      7.36	0.00	3.23	5.06	1.59	4.58	3.13	2.65	0.18	1.75	0.06	2.71	2.94	0.10	1.80	1.20	0.11	0.06	
      7.38	0.00	5.10	16.03	2.77	12.56	1.45	2.23	1.16	2.27	2.11	2.68	0.68	3.03	1.29	3.19	0.66	0.49	
      7.41	0.00	7.90	3.17	4.65	8.51	4.44	11.97	0.57	4.59	0.12	1.56	0.04	0.35	0.08	3.66	1.12	2.22	
      7.43	0.00	14.99	15.47	3.91	1.55	11.51	0.21	4.47	4.52	1.07	3.82	0.06	0.84	2.30	2.02	1.69	0.70	
      7.45	0.00	1.70	0.82	2.56	16.43	1.56	1.62	0.51	0.50	1.61	4.09	2.39	5.73	2.19	1.67	2.03	0.72	
      7.48	0.00	19.96	7.85	0.24	7.86	5.43	5.66	3.17	3.76	1.26	1.25	2.42	3.84	1.60	0.14	0.35	0.92	
      7.50	0.00	1.32	1.34	4.86	10.18	4.21	0.71	2.16	1.26	2.58	0.96	2.01	2.56	0.08	3.62	1.53	0.50	
      7.52	0.00	5.07	2.47	3.11	6.31	10.93	3.65	2.25	1.38	0.04	2.74	3.38	2.04	3.19	0.06	0.91	0.20	
      7.55	0.00	1.78	0.41	0.43	13.12	3.68	2.75	0.14	0.38	0.07	1.21	5.00	1.34	0.19	5.86	0.87	1.16	
      7.57	0.00	0.27	13.68	7.78	0.83	4.52	2.76	1.59	3.67	2.54	1.58	1.48	1.73	2.96	0.18	1.09	1.18	
      7.59	0.00	2.93	0.80	6.85	0.34	0.67	2.76	0.16	3.99	0.19	1.36	2.75	2.81	0.68	2.58	0.53	0.55	
      7.62	0.00	2.63	18.24	4.55	3.31	0.96	2.48	4.60	3.55	1.26	1.05	1.17	0.14	0.67	1.22	1.62	0.49	
      7.64	0.00	10.91	15.07	9.66	18.65	0.35	6.36	6.50	3.31	3.74	1.29	3.65	7.02	1.98	0.82	1.31	1.63	
      7.66	0.00	19.38	21.55	2.91	13.13	9.65	3.06	1.36	0.24	0.35	1.09	1.30	3.86	1.26	4.15	1.91	0.24	
      7.69	0.00	6.70	12.11	3.79	10.12	5.20	3.92	1.67	0.48	0.70	0.26	0.75	0.37	0.16	3.04	0.81	1.21	
      7.71	0.00	0.65	9.61	1.28	1.61	4.20	4.55	3.88	0.09	1.38	1.84	4.02	0.08	0.88	3.42	0.35	0.10	
      7.73	0.00	7.59	0.24	0.31	4.66	5.88	4.30	2.18	2.63	2.84	1.98	1.82	3.58	1.01	0.57	0.38	0.14	
      7.76	0.00	6.82	7.59	1.02	3.21	4.15	1.70	8.24	1.88	2.01	2.75	3.33	0.80	0.79	3.17	0.25	1.43	
      7.78	0.00	25.08	13.71	1.07	8.49	8.22	3.19	0.26	0.37	1.60	4.31	2.32	1.95	2.38	0.63	0.47	0.45	
      7.80	0.00	2.22	8.08	3.56	7.31	13.90	7.83	3.43	1.27	1.19	2.48	1.82	2.75	4.57	1.07	2.32	0.48	
      7.83	0.00	8.38	1.07	15.28	2.80	2.59	3.83	4.61	0.62	1.57	1.67	0.97	5.41	4.26	3.47	2.56	1.08	
      7.85	0.00	0.26	14.38	8.96	5.32	0.14	2.31	0.16	0.08	0.74	2.12	2.47	0.19	4.15	0.85	0.11	2.00	
      7.87	0.00	17.13	0.96	1.03	1.00	2.89	6.09	2.54	2.24	0.69	1.53	1.70	0.87	0.31	1.12	0.66	0.18	
      7.89	0.00	9.58	12.11	6.90	1.14	2.88	1.31	1.79	1.03	0.91	0.58	1.58	0.26	3.84	4.31	0.27	0.96	
      7.92	0.00	2.34	12.64	4.67	1.81	0.17	3.54	2.08	0.73	0.22	5.07	4.32	1.54	0.91	0.49	1.59	1.20	
      7.94	0.00	7.32	19.46	14.30	4.29	1.29	0.31	2.19	1.43	1.43	1.55	2.67	3.77	0.02	2.02	2.32	2.16	
      7.96	0.00	15.45	0.69	16.73	10.25	3.77	0.90	6.79	2.19	0.94	3.37	5.24	8.02	1.45	3.78	2.41	2.20	
      7.99	0.00	6.25	8.00	5.65	10.97	7.61	3.47	4.53	2.65	4.91	1.59	1.12	0.56	1.09	3.60	0.44	0.81	
      8.01	0.00	2.72	6.62	10.10	23.90	7.14	0.29	0.28	2.89	0.43	0.44	1.81	5.09	1.15	2.29	2.69	0.87	
      8.03	0.00	5.36	21.33	3.28	0.30	3.29	2.70	5.98	1.05	1.07	0.91	0.60	1.70	0.98	3.35	2.95	1.18	
      8.06	0.00	14.13	6.96	7.36	5.00	0.75	2.39	1.75	3.30	1.08	1.83	5.22	3.58	0.60	0.42	1.85	0.47	
      8.08	0.00	20.44	12.98	3.08	8.29	3.57	1.23	1.95	0.65	0.67	0.49	0.04	2.70	1.90	4.85	1.52	0.00	
      8.10	0.00	4.55	10.89	16.22	5.76	0.53	3.21	3.17	5.07	1.10	1.25	0.61	4.42	0.57	0.06	2.92	0.39	
      8.13	0.00	2.35	12.27	0.72	10.37	1.25	9.41	2.68	2.37	0.53	3.91	0.50	3.93	1.22	1.99	2.21	2.17	
      8.15	0.00	2.27	4.04	4.12	1.66	13.44	2.50	6.42	0.10	4.07	4.73	3.12	2.03	4.44	0.04	1.42	0.85	
      8.17	0.00	9.63	3.37	17.39	9.11	5.44	1.39	1.93	1.55	0.21	2.29	1.44	3.76	3.17	1.69	1.20	0.49	
      8.20	0.00	2.92	3.32	3.55	14.46	2.03	0.99	0.03	2.91	0.49	2.05	2.28	3.21	1.00	1.35	2.05	1.04	
      8.22	0.00	5.31	0.76	9.55	1.03	2.79	2.87	1.04	0.56	1.48	0.41	4.20	1.83	0.42	3.45	1.85	0.30	
      8.24	0.00	6.32	19.98	7.47	0.08	1.21	4.38	4.36	0.62	0.70	4.52	4.60	0.72	2.46	3.16	1.17	0.08	
      8.27	0.00	5.10	7.08	1.08	6.04	3.56	3.92	2.09	4.96	1.66	0.64	4.48	4.02	0.42	0.70	2.03	0.00	
      8.29	0.00	8.98	9.59	2.70	3.24	4.02	5.47	1.33	0.27	3.30	0.48	2.35	0.89	0.52	0.55	0.15	1.32	
      8.31	0.00	26.01	2.03	13.51	2.72	1.86	2.12	0.02	5.56	0.03	4.62	2.64	0.11	2.61	0.20	0.91	0.90	
      8.34	0.00	1.27	9.58	10.12	13.18	4.86	5.55	4.65	1.64	1.64	1.64	0.04	2.93	1.41	2.42	2.43	0.97	
      8.36	0.00	5.39	12.78	5.70	3.87	5.99	6.07	1.52	3.09	0.44	0.12	2.11	4.39	1.34	2.18	0.01	0.28	
      8.38	0.00	9.33	6.41	6.75	5.00	6.41	4.02	7.29	1.63	4.07	1.58	0.90	0.96	3.10	1.55	2.45	1.26	
      8.41	0.00	6.86	1.28	9.57	5.52	4.61	1.53	5.58	1.53	0.90	1.19	5.16	3.38	1.95	0.15	2.19	0.29	
      8.43	0.00	4.86	2.22	2.86	6.06	8.19	7.54	1.33	0.65	0.52	2.50	1.20	0.27	0.37	0.78	0.41	0.02	
      8.45	0.00	18.98	7.29	1.33	9.54	1.77	3.15	2.22	5.61	2.32	1.13	1.88	4.36	2.62	0.73	0.29	0.68	
      8.48	0.00	7.73	5.58	3.39	9.44	4.54	3.31	0.39	1.30	1.18	1.54	1.13	0.26	1.43	1.26	1.61	0.38	
      8.50	0.00	19.19	1.43	2.34	0.00	7.39	4.54	2.32	2.53	0.82	0.27	0.33	1.79	3.52	1.84	0.03	0.13	
      8.52	0.00	22.81	0.11	13.25	1.50	6.66	10.51	5.63	5.86	1.30	1.51	3.57	7.72	0.23	0.36	1.33	0.21	
      8.54	0.00	14.75	7.18	6.56	2.68	0.87	6.25	1.11	1.41	0.87	2.69	1.40	1.40	1.47	2.02	0.72	1.76	
      8.57	0.00	5.74	2.22	9.17	0.55	7.56	0.76	8.54	1.47	0.64	1.47	4.67	1.01	3.43	2.09	1.35	1.06	
      8.59	0.00	13.04	26.91	5.80	1.41	4.36	4.12	0.47	3.85	0.93	2.54	1.55	2.94	3.91	4.08	0.56	1.25	
      8.61	0.00	2.92	16.39	11.42	0.40	3.82	3.47	1.99	1.72	1.63	0.49	0.59	0.98	5.18	0.91	0.94	1.20	
      8.64	0.00	2.09	6.62	13.67	8.26	7.44	0.20	1.03	2.59	0.52	1.48	1.94	0.25	3.95	4.84	3.15	0.01	
      8.66	0.00	3.35	7.04	6.46	3.32	5.51	0.80	5.20	1.56	0.11	3.49	4.76	0.29	0.43	1.55	1.49	0.90	
      8.68	0.00	2.73	15.71	15.45	1.17	0.66	1.24	2.34	0.19	2.65	1.09	0.01	2.30	2.89	1.49	1.31	0.18	
      8.71	0.00	4.78	0.02	12.41	7.63	2.58	3.93	4.93	3.22	1.93	1.59	2.41	1.84	4.41	2.88	1.82	0.57	
      8.73	0.00	3.14	2.21	8.66	0.92	3.84	0.04	0.34	1.32	1.73	2.37	4.24	1.25	3.01	0.64	0.80	0.32	
      8.75	0.00	2.95	7.97	1.38	7.01	5.72	5.77	0.05	2.21	1.34	0.89	0.69	0.11	4.00	2.50	2.15	0.24	
      8.78	0.00	18.56	5.40	3.09	6.42	13.18	9.15	5.02	2.27	1.53	2.53	4.16	0.31	4.65	5.33	2.38	2.01	
      8.80	0.00	1.16	0.52	6.28	10.14	2.76	3.68	0.34	5.71	0.63	1.93	0.60	4.67	0.37	1.72	1.33	1.24	
      8.82	0.00	18.36	3.56	10.86	1.76	15.05	7.01	1.32	2.43	0.48	3.10	4.60	0.61	2.63	1.39	0.41	0.08	
      8.85	0.00	8.35	9.25	12.58	16.36	1.74	1.49	1.23	2.75	0.76	0.58	2.24	4.56	2.70	1.84	0.76	0.04	
      8.87	0.00	8.94	3.15	4.53	3.02	3.38	6.62	0.33	3.72	0.54	4.64	3.47	2.32	0.63	1.38	0.63	0.30	
      8.89	0.00	7.51	3.48	7.89	2.51	0.20	3.84	1.89	0.45	3.07	3.77	2.18	2.10	0.14	2.42	1.24	0.52	
      8.92	0.00	14.56	9.65	9.21	9.23	8.00	0.27	0.63	5.24	0.70	0.04	2.67	0.25	0.34	0.68	0.80	0.52	
      8.94	0.00	9.18	6.98	0.69	7.85	1.22	2.90	3.81	2.23	0.37	1.23	0.94	5.16	0.86	0.17	1.23	0.21	
      8.96	0.00	1.37	11.50	7.79	5.60	0.27	3.59	1.64	1.35	0.95	0.21	1.78	2.45	3.34	1.60	2.61	1.07	
      8.99	0.00	4.49	5.77	5.03	12.37	8.63	3.46	2.09	1.46	0.02	0.52	0.21	0.28	1.00	2.46	1.53	0.32	
      9.01	0.00	15.37	6.75	9.78	8.72	9.46	0.45	1.63	2.27	0.69	1.75	1.26	2.80	2.89	1.60	0.81	1.48	
      9.03	0.00	4.53	2.75	10.10	2.00	1.65	4.06	4.54	4.70	0.11	0.44	1.03	4.63	1.74	1.07	0.49	0.41	
      9.06	0.00	0.97	8.02	3.60	9.64	2.05	8.51	1.79	3.76	1.79	2.33	0.03	3.67	3.60	2.76	1.57	0.95	
      9.08	0.00	1.69	12.12	15.80	15.11	2.64	10.33	1.95	4.27	3.15	1.23	1.05	3.08	2.46	3.87	0.59	0.23	
      9.10	0.00	4.54	12.97	4.24	10.47	4.42	4.84	1.27	0.79	0.77	0.66	1.22	2.24	2.17	3.04	1.16	1.59	
      9.13	0.00	10.19	3.84	8.56	1.19	3.98	3.51	2.08	2.44	0.81	2.77	2.98	0.14	5.24	2.02	0.95	0.10	
      9.15	0.00	19.36	0.31	2.43	7.70	0.01	3.60	2.04	4.33	1.39	4.39	1.85	0.09	0.97	0.54	1.52	1.25	
      9.17	0.00	19.89	5.91	0.92	4.68	0.40	7.10	1.00	1.31	0.03	1.98	1.18	3.01	3.14	0.39	0.14	0.51	
      9.20	0.00	7.71	2.60	7.44	9.63	3.65	3.38	2.31	3.42	0.09	4.54	3.42	3.74	1.86	2.15	0.37	0.01	
      9.22	0.00	21.22	1.49	2.45	7.50	5.39	5.85	5.08	3.12	0.13	2.59	0.20	0.07	4.74	0.03	0.34	0.69	
      9.24	0.00	6.97	1.62	0.02	4.32	3.37	1.29	4.01	1.33	1.55	0.29	4.05	0.55	2.58	3.40	0.03	0.36	
      9.26	0.00	7.84	0.65	0.67	4.33	1.17	4.25	3.58	1.43	0.62	0.91	0.98	3.75	3.49	3.00	1.21	0.52	
      9.29	0.00	4.32	1.64	1.96	5.07	2.61	4.22	5.37	1.19	0.85	2.79	1.28	0.96	2.29	0.05	0.29	0.44	
      9.31	0.00	6.56	8.64	5.80	10.99	2.43	0.97	4.35	0.59	1.40	0.37	1.60	0.40	2.56	3.69	0.55	1.06	
      9.33	0.00	4.55	7.22	4.19	9.43	1.78	1.03	3.85	0.51	0.12	1.06	0.73	3.13	0.62	1.57	1.35	1.30	
      9.36	0.00	16.48	12.28	24.69	3.34	12.34	5.27	0.36	3.28	0.79	2.62	0.35	0.28	6.66	2.57	3.47	0.43	
      9.38	0.00	3.46	2.53	18.56	8.19	2.29	7.69	4.70	3.02	1.58	3.15	1.34	4.14	0.51	1.78	2.10	0.84	
      9.40	0.00	0.57	5.35	10.20	3.91	4.94	0.67	5.43	3.17	1.38	0.80	2.87	1.98	3.82	0.95	0.59	0.68	
      9.43	0.00	15.62	4.11	14.90	6.56	4.20	0.99	2.43	0.55	1.41	2.00	1.21	3.05	4.04	2.20	1.16	0.52	
      9.45	0.00	2.72	0.59	3.54	0.20	1.40	1.41	4.08	1.15	0.69	1.39	1.71	1.64	0.68	0.74	1.08	0.16	
      9.47	0.00	5.77	16.40	11.22	2.64	0.87	4.91	2.07	2.92	1.01	0.45	0.90	0.47	5.23	1.72	0.10	1.68	
      9.50	0.00	10.60	9.22	11.19	12.04	1.23	0.11	5.09	1.71	0.34	0.29	1.84	2.00	2.22	2.78	0.41	0.29	
      9.52	0.00	2.49	4.21	18.00	5.66	9.03	2.75	4.52	0.63	0.99	2.01	0.50	0.45	7.67	1.77	1.51	1.57	
      9.54	0.00	3.63	10.61	5.67	3.15	2.66	4.68	2.64	1.98	1.67	2.25	3.62	4.99	1.63	1.47	1.74	0.13	
      9.57	0.00	0.58	4.15	8.89	17.11	1.02	4.03	1.31	3.71	0.31	0.70	1.90	0.47	0.63	1.82	2.69	2.08	
      9.59	0.00	3.47	2.91	22.09	14.22	5.93	1.67	3.66	2.66	1.56	1.89	1.08	2.99	2.54	0.24	2.32	0.81	
      9.61	0.00	6.06	6.67	0.10	7.95	5.71	8.35	2.91	1.23	0.01	3.14	3.34	7.84	4.53	1.14	0.67	1.64	
      9.64	0.00	0.42	4.53	18.42	2.58	1.02	9.10	1.30	1.84	0.76	1.89	1.50	2.19	1.53	1.64	2.30	0.82	
      9.66	0.00	2.13	4.60	4.18	9.50	3.81	1.04	5.74	0.83	2.49	0.10	2.12	0.88	3.42	2.55	1.50	0.99	
      9.68	0.00	5.98	4.91	0.29	7.22	13.10	1.06	7.49	3.86	1.28	1.55	7.05	2.06	5.85	1.00	0.42	0.49	
      9.71	0.00	7.16	3.40	0.54	9.43	2.79	8.78	1.82	0.84	0.92	4.24	0.81	1.48	0.61	4.42	0.59	1.81	
      9.73	0.00	4.76	8.92	2.28	6.93	1.16	6.83	0.44	0.26	0.86	0.48	2.40	0.35	2.14	0.16	1.48	0.15	
      9.75	0.00	10.66	7.07	13.32	6.10	8.70	5.14	2.82	3.26	2.77	1.67	1.80	1.18	5.12	1.96	0.75	0.63	
      9.78	0.00	23.92	8.45	1.97	1.49	7.77	13.36	0.87	0.52	2.25	2.89	3.09	7.00	0.03	1.66	1.64	0.80	
      9.80	0.00	17.69	6.28	19.72	7.97	3.51	7.57	4.53	1.51	1.60	3.78	1.96	3.66	1.60	0.73	3.70	0.29	
      9.82	0.00	7.55	6.44	10.17	7.57	5.17	9.61	7.94	4.08	0.14	0.01	0.94	0.46	0.47	0.14	1.68	1.86	
      9.85	0.00	13.61	1.14	9.90	3.34	0.33	0.92	1.91	3.72	0.99	1.07	1.43	0.37	0.30	1.50	0.16	0.73	
      9.87	0.00	5.36	10.96	4.07	3.62	2.91	3.62	5.26	2.54	2.03	2.10	2.75	0.55	0.29	0.12	0.52	0.64	
      9.89	0.00	1.56	6.03	5.67	1.14	0.88	3.36	1.47	3.50	1.85	5.15	1.20	0.11	4.73	3.68	0.53	0.03	
      9.91	0.00	5.90	4.86	4.38	4.84	1.60	4.60	1.53	2.38	0.87	4.23	1.45	0.41	2.25	0.92	1.67	0.43	
      9.94	0.00	15.48	2.39	0.16	0.43	4.75	2.09	0.40	1.78	0.90	1.01	1.60	1.18	1.39	1.09	1.73	1.24	
      9.96	0.00	7.56	2.30	0.73	1.03	0.40	9.03	0.44	0.40	0.42	3.15	1.35	0.18	4.82	0.85	0.59	0.41	
      9.98	0.00	4.21	3.64	3.31	6.22	1.93	4.36	0.04	1.34	1.80	1.65	2.37	0.55	1.72	0.21	1.17	1.26	
     10.01	0.00	24.71	3.06	2.16	3.21	6.45	0.43	0.30	0.14	0.57	3.71	1.56	0.41	0.38	2.14	1.54	0.12	
     10.03	0.00	24.59	10.40	7.25	5.30	11.39	9.57	3.76	2.42	1.66	1.54	0.57	7.07	5.91	1.87	0.95	0.30	
     10.05	0.00	8.59	12.72	1.84	8.68	0.59	6.74	4.88	2.13	1.35	0.53	0.43	1.78	4.19	2.69	0.37	0.22	
     10.08	0.00	7.96	14.64	5.46	2.18	7.04	2.07	3.20	2.93	2.27	1.18	2.38	0.78	1.12	1.58	0.70	1.33	
     10.10	0.00	8.56	15.04	1.81	7.47	0.05	0.76	0.03	0.63	0.63	3.39	4.68	3.70	0.49	3.74	0.56	1.19	
     10.12	0.00	14.19	1.27	10.12	4.22	7.00	7.07	14.25	0.40	3.00	1.51	4.49	3.44	2.95	1.72	0.59	0.91	
     10.15	0.00	15.67	2.41	11.45	10.13	6.86	2.65	0.49	2.09	2.34	3.44	0.43	4.60	1.38	2.86	2.52	2.49	
     10.17	0.00	1.97	3.26	6.17	3.42	7.05	5.51	2.15	2.91	0.32	4.27	0.16	0.51	1.71	1.98	0.56	0.12	
     10.19	0.00	10.32	5.45	6.29	11.97	1.99	0.69	2.74	1.09	0.23	2.57	4.57	0.46	1.97	3.14	0.90	0.29	
     10.22	0.00	7.24	10.58	13.70	5.84	8.38	5.25	0.16	2.53	1.70	3.97	1.45	0.12	1.86	0.81	0.12	1.10	
     10.24	0.00	3.61	2.94	5.42	4.93	4.18	4.42	0.15	1.10	1.24	0.24	1.26	1.57	3.81	0.08	0.95	0.31	
     10.26	0.00	19.61	3.00	3.43	1.56	1.16	1.21	0.17	1.80	2.79	2.77	3.01	4.19	2.08	0.39	0.95	0.96	
     10.29	0.00	3.84	5.23	4.61	5.40	3.57	4.15	0.92	3.05	0.05	1.76	1.57	5.35	3.07	0.85	0.99	0.20	
     10.31	0.00	9.99	3.31	10.28	5.27	0.41	2.61	1.77	0.34	1.09	0.69	3.41	1.53	4.51	4.01	0.56	0.70	
     10.33	0.00	14.64	4.71	9.05	3.05	6.09	0.86	0.11	1.63	2.05	4.02	0.76	1.02	1.79	0.42	1.42	0.15	
     10.36	0.00	7.95	6.24	10.56	8.87	3.93	3.79	2.66	4.07	0.65	1.20	0.73	2.43	3.52	0.60	0.64	0.25	
     10.38	0.00	0.35	1.63	5.97	2.22	4.44	5.40	2.04	1.94	1.94	3.60	0.72	0.22	5.66	0.88	0.84	0.22	
     10.40	0.00	10.79	4.16	3.38	15.77	6.34	2.34	5.23	2.56	0.30	0.45	3.56	3.24	0.66	3.82	0.09	0.11	
     10.43	0.00	14.26	13.79	3.96	2.60	5.48	9.66	4.94	0.42	1.74	1.14	1.80	3.21	0.22	0.30	0.20	0.84	
     10.45	0.00	18.29	3.97	1.72	11.91	5.53	1.73	2.50	3.86	1.68	4.50	0.42	0.90	2.39	2.68	0.88	0.38	
     10.47	0.00	8.00	8.45	8.36	9.62	1.04	1.13	1.78	3.32	0.81	1.45	3.41	1.40	2.23	2.84	2.28	1.45	
     10.50	0.00	7.27	5.92	6.63	6.02	1.42	3.42	0.36	4.52	1.44	1.38	1.15	0.78	4.50	5.80	2.15	0.15	
     10.52	0.00	1.09	5.51	3.79	8.85	4.12	7.69	2.42	1.74	2.36	1.72	2.15	4.01	1.71	0.85	0.62	0.13	
     10.54	0.00	8.51	1.61	15.05	3.56	1.93	3.30	2.41	2.38	0.04	3.24	1.32	2.63	0.34	0.79	1.29	0.46	
     10.57	0.00	2.16	0.64	1.19	0.15	3.75	2.29	2.09	3.11	1.96	0.57	0.01	0.96	0.78	1.10	0.63	0.74	
     10.59	0.00	7.34	1.99	15.66	4.87	2.28	5.47	0.79	4.08	0.42	2.29	0.61	1.66	0.85	1.08	0.49	0.76	
     10.61	0.00	20.10	3.78	1.64	9.41	12.84	1.83	3.14	0.32	0.59	1.27	0.96	2.72	5.82	2.09	0.20	0.07	
     10.63	0.00	18.56	14.54	7.91	8.29	0.92	0.94	2.83	2.71	0.68	2.81	0.00	1.53	1.84	3.23	2.14	0.98	
     10.66	0.00	6.70	7.68	17.38	4.59	6.02	0.81	0.99	6.79	1.86	3.18	3.13	1.93	1.32	3.86	1.55	1.61	
     10.68	0.00	2.66	11.55	8.08	4.04	1.35	1.75	0.99	0.85	2.58	0.95	3.50	0.51	1.36	3.03	1.48	0.86	
     10.70	0.00	15.36	1.11	4.59	0.02	6.56	0.36	0.11	3.41	0.84	1.02	0.69	3.11	3.22	0.21	0.87	0.23	
     10.73	0.00	2.80	4.70	6.12	3.46	9.00	11.29	0.07	1.88	1.89	0.99	3.34	5.11	2.68	0.27	1.62	0.72	
     10.75	0.00	6.85	6.58	5.02	3.11	1.50	1.03	2.94	4.43	1.47	2.49	2.08	3.62	1.38	2.13	2.24	0.32	
     10.77	0.00	6.62	9.09	5.40	4.03	1.51	2.93	3.64	0.67	1.60	1.03	1.60	2.12	0.72	0.59	0.74	0.28	
     10.80	0.00	5.87	7.16	5.59	5.91	0.23	7.60	7.55	5.08	2.13	1.32	3.54	0.42	2.04	4.36	0.28	0.03	
     10.82	0.00	4.49	3.84	7.04	5.94	3.11	0.07	3.76	0.13	0.58	0.54	0.06	0.46	0.07	1.59	2.00	0.33	
     10.84	0.00	12.18	5.83	9.06	10.09	1.39	1.48	0.50	1.54	1.02	1.07	0.30	2.66	2.83	3.15	3.78	0.15	
     10.87	0.00	6.13	9.79	4.06	6.59	0.50	1.65	0.36	0.54	1.33	1.03	1.52	0.50	0.14	0.48	1.46	1.66	
     10.89	0.00	1.44	15.02	0.61	4.68	7.36	2.17	2.30	0.71	1.68	2.74	1.34	2.14	0.88	1.71	0.85	0.94	
     10.91	0.00	3.76	19.52	13.76	6.67	5.70	1.62	4.97	2.46	1.87	2.15	0.31	1.79	3.93	1.35	1.87	1.78	
     10.94	0.00	2.82	0.65	7.22	0.94	5.01	2.02	2.66	0.56	1.53	0.78	2.34	3.71	0.12	1.30	1.23	1.12	
     10.96	0.00	7.75	0.47	22.77	6.22	1.23	0.34	2.65	0.63	1.19	1.38	2.29	1.34	2.77	1.93	2.41	2.01	
     10.98	0.00	8.52	8.89	10.79	22.89	4.36	0.04	4.17	2.33	0.76	1.51	4.28	5.33	0.91	5.36	3.58	1.20	
     11.01	0.00	4.42	10.07	13.52	8.30	11.01	4.78	2.51	0.56	0.71	3.18	3.47	3.55	4.18	1.15	0.47	1.27	
     11.03	0.00	0.91	7.19	0.03	1.56	1.14	6.04	2.04	2.24	2.55	0.01	0.11	3.25	0.25	1.22	0.71	0.28	
     11.05	0.00	12.26	6.04	6.90	8.84	13.05	5.25	0.99	2.62	0.66	2.07	2.19	0.05	6.56	0.27	0.87	1.03	
     11.08	0.00	11.92	4.60	15.95	10.01	5.03	5.37	8.27	1.80	0.21	3.68	5.46	0.35	3.41	0.56	0.07	0.85	
     11.10	0.00	17.66	6.77	10.99	13.28	5.76	1.40	8.31	0.03	0.23	0.97	5.61	2.80	1.02	1.69	3.20	0.37	
     11.12	0.00	8.41	3.98	7.31	0.96	1.98	0.11	7.52	6.32	0.78	0.33	7.66	5.44	2.37	0.31	1.14	0.52	
     11.15	0.00	1.79	1.80	4.97	2.76	13.11	10.66	1.89	1.63	0.62	2.35	6.40	6.08	4.32	1.20	0.37	0.86	
     11.17	0.00	3.69	7.32	24.84	0.26	15.46	8.13	5.33	2.36	1.27	3.64	1.25	1.54	8.70	0.87	2.86	1.86	
     11.19	0.00	16.23	4.72	11.41	3.92	5.54	0.42	1.56	2.34	1.68	0.35	0.60	1.02	0.28	2.82	0.96	0.81	
     11.22	0.00	18.17	8.26	17.90	3.90	0.08	3.45	3.87	2.14	1.19	0.42	4.85	6.17	0.17	1.99	1.69	1.72	
     11.24	0.00	16.82	10.88	12.74	3.73	8.50	2.78	1.93	4.71	1.27	0.43	3.57	3.92	7.54	3.67	0.34	0.64	
     11.26	0.00	5.03	1.98	1.73	9.43	5.35	0.97	2.58	0.10	0.75	1.75	2.27	1.95	0.62	0.42	0.33	0.19	
     11.28	0.00	13.14	16.78	8.33	2.99	0.78	0.48	1.99	2.62	1.60	1.67	2.24	5.09	0.90	1.31	2.54	1.09	
     11.31	0.00	8.46	6.96	0.85	1.16	10.77	5.17	2.08	0.62	0.30	1.69	3.26	2.47	0.77	2.62	1.22	1.47	
     11.33	0.00	7.36	4.58	2.05	11.37	15.38	2.23	3.91	1.77	0.46	0.53	1.85	3.25	5.63	0.11	0.14	0.90	
     11.35	0.00	6.09	2.43	21.92	3.99	6.67	0.27	5.69	4.76	1.73	1.70	2.03	3.21	2.22	0.07	3.13	2.22	
     11.38	0.00	5.45	7.10	8.62	1.32	3.52	1.82	7.10	0.69	1.27	1.52	2.79	5.21	3.44	0.33	2.64	0.31	
     11.40	0.00	0.83	8.29	0.46	1.64	2.08	3.63	1.99	4.44	4.05	3.12	3.03	2.04	4.02	2.02	0.50	1.06	
     11.42	0.00	9.41	0.05	3.17	2.81	0.04	0.61	5.37	4.66	0.66	1.28	1.56	2.81	0.60	1.25	0.50	1.40	
     11.45	0.00	1.14	10.74	8.70	6.46	6.41	2.80	3.33	1.12	2.13	0.53	4.98	1.89	1.33	1.23	2.07	2.38	
     11.47	0.00	0.36	6.54	8.55	14.02	3.20	9.50	0.53	1.37	2.36	2.75	0.65	0.90	3.63	2.90	3.85	2.41	
     11.49	0.00	10.09	4.91	3.88	7.44	0.18	1.42	1.80	4.69	0.55	3.50	3.30	0.71	0.64	2.35	0.22	0.86	
     11.52	0.00	0.57	3.33	5.02	6.68	2.70	1.10	1.20	0.71	0.04	0.54	3.17	0.21	0.68	0.57	2.65	0.42	
     11.54	0.00	2.64	1.24	6.74	4.26	1.46	1.82	3.06	2.60	1.03	2.43	3.73	4.14	3.78	3.98	0.40	0.52	
     11.56	0.00	7.34	1.77	4.25	2.50	1.13	5.12	1.91	7.18	1.68	1.60	2.05	1.06	1.83	0.52	0.60	0.62	
     11.59	0.00	11.15	16.79	0.27	11.14	3.69	3.87	1.58	3.21	0.03	1.40	1.06	2.05	0.28	2.91	0.26	0.51	
     11.61	0.00	14.83	3.41	15.07	1.28	9.48	4.31	6.83	1.51	3.47	0.28	4.45	1.21	0.05	1.05	1.28	0.92	
     11.63	0.00	15.00	11.15	6.53	1.55	2.38	14.31	3.57	2.02	2.56	2.67	0.11	4.53	4.46	0.36	1.21	0.09	
     11.66	0.00	16.81	1.18	6.63	8.94	4.99	1.80	1.43	2.22	0.14	1.27	0.01	1.81	1.42	3.26	1.56	0.52	
     11.68	0.00	20.92	5.21	10.30	1.48	2.24	6.00	0.59	2.55	0.12	3.12	1.48	1.96	1.75	1.08	2.25	1.15	
     11.70	0.00	0.11	2.94	1.13	1.65	0.58	1.19	1.98	1.05	0.58	0.57	1.84	1.19	1.14	2.31	1.05	0.10	
     11.73	0.00	0.87	2.17	4.72	9.47	6.36	9.64	0.68	0.39	0.80	4.42	0.31	4.05	1.47	1.15	1.59	0.64	
     11.75	0.00	13.34	6.25	11.80	0.91	1.64	12.59	0.60	1.84	1.22	1.73	2.86	5.79	3.39	1.99	2.85	1.76	
     11.77	0.00	7.58	6.27	5.43	2.39	0.96	1.17	2.51	2.26	0.83	0.64	3.43	0.43	2.49	3.81	1.17	1.19	
     11.80	0.00	3.30	3.59	3.25	12.95	11.39	6.04	0.37	4.85	1.45	2.15	0.46	1.58	3.42	3.39	1.80	2.61	
     11.82	0.00	0.46	3.41	7.31	1.61	5.42	1.85	4.09	0.44	2.15	0.49	0.73	0.64	5.19	1.25	0.73	0.17	
     11.84	0.00	10.97	9.33	11.43	7.03	9.75	0.73	14.20	1.08	2.20	3.39	2.87	2.07	3.32	7.69	1.63	1.49	
     11.87	0.00	10.55	1.76	14.93	7.04	3.35	4.95	3.60	3.45	1.05	0.35	2.24	0.63	2.61	0.31	0.30	0.28	
     11.89	0.00	4.49	2.32	16.18	0.93	9.40	3.82	0.80	0.28	0.32	2.23	0.70	4.32	1.33	3.15	2.68	0.84	
     11.91	0.00	11.08	4.31	10.28	0.73	8.23	4.29	2.69	2.23	2.20	1.75	0.49	2.20	4.44	2.19	0.43	0.82	
     11.94	0.00	6.52	4.43	7.01	8.40	8.73	1.98	0.91	6.33	1.37	1.25	1.32	0.53	2.40	1.52	0.35	0.09	
     11.96	0.00	0.68	5.74	0.66	1.80	8.10	4.30	0.85	0.86	2.47	4.31	0.31	1.36	4.75	0.75	0.60	0.92	
     11.98	0.00	2.82	5.24	0.27	3.46	3.39	2.03	0.46	1.27	1.18	0.51	1.15	0.42	2.47	1.88	0.47	0.01	
     12.00	0.00	24.55	0.88	4.90	10.30	8.84	5.54	3.22	1.10	0.70	1.22	2.93	2.12	2.48	3.23	2.91	0.42	
     12.03	0.00	23.31	10.24	5.05	5.89	5.27	1.18	2.19	0.29	2.11	0.78	0.35	3.81	1.30	2.81	0.45	0.57	
     12.05	0.00	9.15	7.07	13.03	4.18	0.17	6.80	3.31	1.01	3.65	1.38	1.10	2.40	3.35	0.93	0.16	0.25	
     12.07	0.00	1.75	4.38	5.55	0.92	1.10	2.70	9.57	1.67	4.13	1.19	2.81	4.08	1.28	1.41	0.38	0.54	
     12.10	0.00	11.95	0.20	0.83	6.94	3.87	0.23	1.49	0.31	2.27	3.58	0.53	0.38	1.82	1.41	0.46	0.46	
     12.12	0.00	7.93	6.32	17.10	8.37	2.80	7.61	2.76	3.82	2.34	1.92	4.63	1.15	3.75	0.84	1.33	0.46	
     12.14	0.00	2.78	2.48	1.47	6.37	6.50	1.32	0.19	3.81	1.39	4.22	0.40	0.75	2.22	0.58	1.50	0.41	
     12.17	0.00	2.46	2.66	14.01	6.98	0.67	3.01	5.28	3.67	3.38	0.60	2.66	1.98	2.38	1.64	1.19	0.42	
     12.19	0.00	8.89	8.20	10.66	7.34	1.63	2.37	1.34	2.55	2.08	2.29	1.28	0.76	6.36	3.74	1.96	1.66	
     12.21	0.00	5.31	1.49	5.41	10.18	5.33	2.90	1.51	0.02	0.40	0.66	0.30	2.66	1.82	2.02	0.30	0.77	
     12.24	0.00	8.75	10.97	0.25	4.71	3.59	7.46	0.55	3.38	2.12	3.84	0.47	2.55	0.90	0.99	0.33	0.82	
     12.26	0.00	12.46	7.09	9.66	10.04	0.50	1.29	1.37	3.22	0.84	1.13	5.43	1.26	0.18	1.00	0.62	0.24	
     12.28	0.00	4.45	9.88	1.43	11.82	8.06	4.64	1.91	3.38	1.35	5.58	2.54	1.89	2.49	0.68	1.78	0.73	
     12.31	0.00	18.39	16.20	19.07	0.96	5.03	7.93	2.78	0.52	3.81	6.64	2.66	3.75	0.48	1.09	0.20	0.56	
     12.33	0.00	16.63	1.32	5.43	5.93	1.55	1.07	3.59	2.54	2.33	2.70	1.05	1.21	1.18	0.86	0.40	0.34	
     12.35	0.00	3.97	2.19	9.15	0.28	7.11	0.66	6.54	0.66	2.41	1.19	3.98	0.49	1.57	0.44	0.04	0.41	
     12.38	0.00	15.91	5.40	5.48	5.70	16.41	10.06	5.24	2.48	0.75	2.30	0.66	4.12	3.24	0.59	1.51	0.61	
     12.40	0.00	5.15	16.72	18.19	19.24	10.77	5.71	2.86	2.72	1.28	5.05	0.09	6.90	3.21	5.99	1.26	0.90	
     12.42	0.00	14.53	2.66	13.16	6.58	7.30	3.83	1.97	2.00	0.41	0.71	2.64	0.90	0.30	3.07	3.26	1.37	
     12.45	0.00	8.32	10.96	9.16	15.69	4.53	4.25	3.33	2.13	1.23	3.17	0.95	2.64	2.53	4.31	2.14	0.31	
     12.47	0.00	0.12	5.18	5.31	14.57	5.06	2.36	0.98	1.26	0.24	0.87	2.14	0.18	0.22	1.77	0.39	1.83	
     12.49	0.00	2.52	13.16	4.55	0.71	1.00	0.29	4.59	3.18	0.99	2.68	2.20	2.58	2.09	0.70	0.65	0.60	
     12.52	0.00	5.81	3.35	2.00	4.07	4.52	6.48	1.95	0.08	0.08	3.43	3.62	5.25	1.12	0.72	0.24	0.89	
     12.54	0.00	6.23	11.18	0.61	5.31	0.54	4.38	1.06	5.59	0.48	6.00	2.90	2.13	0.04	2.14	0.67	0.00	
     12.56	0.00	7.14	9.00	0.68	8.17	7.68	5.10	3.58	1.10	1.53	4.08	3.95	3.65	1.65	1.76	1.74	0.29	
     12.59	0.00	7.07	12.36	0.04	9.06	7.51	4.74	0.06	6.38	3.07	0.96	2.59	0.76	2.88	1.88	0.24	1.21	
     12.61	0.00	9.05	17.76	2.64	0.48	1.92	4.00	7.56	4.63	2.67	0.98	4.79	0.76	0.33	1.32	1.19	0.97	
     12.63	0.00	21.83	8.54	5.60	5.15	1.47	4.36	2.01	2.61	1.56	0.14	0.23	3.66	3.00	5.77	1.57	0.02	
     12.65	0.00	11.18	12.23	3.57	3.22	6.73	7.35	7.45	6.85	2.61	1.83	6.45	2.88	1.43	3.84	1.58	0.62	
     12.68	0.00	3.67	4.26	8.25	0.89	3.40	2.77	2.22	4.22	1.06	2.55	1.32	1.07	2.01	1.16	0.73	0.40	
     12.70	0.00	3.85	9.78	2.80	3.36	5.14	3.88	2.77	0.88	2.68	0.70	1.30	3.25	0.58	1.52	0.73	0.52	
     12.72	0.00	12.88	4.57	7.82	6.33	3.58	6.03	3.80	2.20	0.27	0.40	0.15	1.65	1.60	0.43	1.60	0.23	
     12.75	0.00	13.51	10.84	3.93	13.36	4.85	2.86	5.27	2.39	2.02	0.90	0.21	2.96	2.14	0.79	2.46	0.20	
     12.77	0.00	14.73	7.50	6.25	1.13	10.80	7.44	0.47	2.52	1.82	1.39	1.49	2.30	4.73	0.95	0.32	1.58	
     12.79	0.00	11.92	1.80	1.62	6.75	2.33	5.33	4.58	0.13	0.05	1.11	2.00	0.41	1.35	0.87	1.54	1.12	
     12.82	0.18	14785.85	11883.89	850.06	140.88	1430.34	87.73	87.62	206.92	132.66	351.33	274.17	986.36	1361.98	35.00	53.75	187.90	
     12.84	0.27	123401.02	6197.30	14457.49	8133.31	18654.61	12075.09	16371.64	11424.17	7677.57	1289.24	381.30	6998.74	8125.62	8646.19	1085.46	4116.98	
     12.86	0.27	100564.69	49690.86	47584.50	1847.85	10533.84	3800.75	2862.71	1504.13	559.99	5175.68	2373.06	4071.42	5115.92	1097.39	6952.20	778.30	
     12.89	0.32	40748.70	24177.99	2719.81	27857.10	10610.64	8522.07	6247.33	6182.41	3668.31	1878.35	4387.27	2625.15	9639.61	3136.65	4769.27	2385.81	
     12.91	0.43	405930.05	21017.04	6651.39	10651.30	12669.49	7366.86	1407.28	1838.32	2861.61	818.95	5852.08	4057.63	2825.65	1905.61	2612.68	782.06	
     12.93	0.42	420072.57	13045.63	14841.65	9308.20	2491.59	1202.60	2372.67	499.07	1184.41	273.11	1050.53	1032.82	746.04	1834.34	2733.63	5894.17	
     12.96	0.33	57340.43	16159.30	14840.71	6324.52	929.96	1664.37	525.06	132.14	248.21	389.04	350.97	1912.88	55.49	3243.08	8131.91	982.26	
     12.98	0.31	89084.80	9521.75	10385.77	8681.81	465.47	1459.33	162.52	138.38	351.50	617.63	524.38	1683.19	47.43	451.16	3063.09	866.75	
     13.00	0.43	190057.81	8186.55	8554.37	1976.03	164.31	1621.32	346.33	37.25	68.85	937.93	461.60	40.35	83.09	1307.72	3650.65	3527.16	
     13.03	0.39	59874.91	20029.77	12772.78	1048.79	3970.97	623.79	21.25	473.93	293.70	387.28	1200.77	585.26	980.76	2635.31	6477.48	2419.30	
     13.05	0.17	187921.39	20704.88	7781.79	11151.52	4057.31	3698.52	197.24	104.77	51.25	1053.90	1117.45	3518.63	1668.95	1508.99	3462.40	2486.38	
     13.07	0.04	31014.09	303.01	142.68	68.33	37.86	24.62	18.54	10.97	11.16	9.52	12.66	7.15	7.55	4.20	5.36	78.65	
     13.10	0.02	7394.13	1118.14	330.87	167.86	102.12	77.46	54.37	44.99	34.75	29.75	24.98	21.00	22.64	23.12	34.96	307.72	
     13.12	0.02	7074.87	600.88	215.52	111.69	76.78	36.46	38.47	31.18	24.07	16.84	12.89	16.57	10.65	7.76	2.57	152.26	
     13.14	0.02	17950.06	180.16	46.76	7.77	9.64	0.25	7.12	3.11	4.37	2.68	2.94	0.19	7.24	6.40	4.17	17.51	
     13.17	0.02	7786.75	578.34	219.59	113.26	74.77	51.43	32.29	28.72	23.16	17.82	18.39	16.94	8.28	13.55	21.78	190.26	
     13.19	0.02	3553.87	286.09	72.18	28.45	20.10	13.23	13.19	12.26	9.15	4.61	7.32	6.58	8.44	15.78	45.51	134.92	
     13.21	0.10	19468.48	2328.01	733.23	519.17	965.48	324.44	1008.81	92.72	318.87	23.85	285.36	278.49	60.59	210.19	191.20	165.88	
     13.24	0.14	88130.07	16054.99	1734.96	6060.74	3586.65	3869.68	215.12	402.94	1582.75	2463.38	2549.06	822.71	1980.09	1357.62	1947.23	1185.24	
     13.26	0.12	43357.48	37780.98	50458.82	14770.54	20516.94	20993.62	1725.74	13682.95	2121.05	14755.86	3344.75	11157.11	12023.87	777.57	10621.99	8021.61	
     13.28	0.09	41735.06	19645.15	9745.39	8175.45	5415.67	3631.01	3243.18	1017.48	382.56	148.15	108.03	619.01	713.09	346.99	699.31	562.11	
     13.31	0.09	47181.76	8342.87	1477.92	1542.59	331.99	596.83	490.17	470.62	575.05	245.75	606.71	90.33	587.11	277.51	1107.10	1023.55	
     13.33	0.09	50636.04	4194.13	21468.34	25371.50	14598.07	4811.05	6653.53	8251.02	669.46	7300.23	7266.33	5295.98	644.35	6030.81	6410.10	4430.46	
     13.35	0.09	41376.09	7556.27	1000.93	2213.57	1937.59	1366.27	1554.87	538.57	612.72	938.08	806.56	206.23	996.56	1668.95	1136.78	464.02	
     13.37	0.09	25343.76	6394.89	1851.75	589.26	1582.64	1023.51	1008.09	489.47	229.75	129.14	43.74	453.21	1197.74	48.56	14.04	73.53	
     13.40	0.09	15810.25	7570.64	3482.88	8529.24	345.53	1220.39	3693.51	326.04	2710.42	374.49	3026.05	1081.74	1548.65	1935.03	392.45	1710.29	
     13.42	0.08	51725.71	1728.67	401.98	2625.37	2770.21	841.79	1367.24	218.00	792.57	696.96	350.74	317.04	1071.11	363.26	574.84	332.00	
     13.44	0.09	18740.72	53271.56	23857.80	13128.44	20339.26	1713.09	8999.33	6820.81	3647.33	5010.24	7804.32	3734.75	9694.46	6523.11	2103.72	5824.77	
     13.47	0.08	26397.66	1264.49	3243.72	7109.74	6257.79	3389.11	1051.52	80.97	391.44	334.16	1196.06	506.43	207.81	668.33	1260.01	806.06	
     13.49	0.08	48241.14	6469.64	2759.27	3772.15	3964.80	2016.92	2458.42	424.67	239.71	33.03	470.23	4.24	648.08	1052.26	501.96	472.35	
     13.51	0.08	53428.05	28051.47	10631.94	6431.86	4650.42	3524.44	1575.33	394.99	884.66	2941.93	5046.80	6538.34	6256.43	4497.24	3258.80	1591.70	
     13.54	0.08	33511.21	4071.34	4918.23	4678.27	4043.85	2001.81	412.56	100.84	372.93	321.12	1047.36	758.59	1970.91	2680.81	1362.70	170.54	
     13.56	0.07	31867.71	3917.62	5939.74	2526.49	884.89	603.61	451.48	686.82	268.70	947.04	334.93	423.99	1373.18	576.81	68.09	317.10	
     13.58	0.08	67534.89	15059.95	6445.72	1360.72	1993.79	4844.66	3517.50	5335.64	1190.33	20.62	2029.11	1729.78	3257.12	848.49	84.88	1680.62	
     13.61	0.14	23273.94	5120.41	1877.44	6367.16	546.81	592.92	3546.17	1235.03	1827.93	647.66	1658.50	1371.16	1631.62	1799.65	519.67	1502.10	
     13.63	0.29	140908.19	56881.54	9044.57	6264.04	26889.76	16533.59	10441.43	185.46	5416.27	8340.15	2846.22	6734.98	8244.15	3305.94	5286.24	8464.75	
     13.65	0.28	140352.13	34528.53	20140.15	27506.07	2379.66	1865.60	1722.65	1346.42	2406.15	1011.21	4179.92	1552.63	14072.22	2947.71	20758.51	9252.54	
     13.68	0.26	44860.39	22536.40	16715.45	10979.10	4030.71	310.53	3548.55	813.79	651.84	1657.15	126.72	7716.01	91.94	2878.05	4113.45	2868.29	
     13.70	0.37	187966.56	89485.73	7576.31	18729.07	12243.33	8252.13	1084.06	3285.92	755.05	4264.30	479.03	2143.01	5268.85	3016.64	4207.41	7841.25	
     13.72	0.47	232103.55	6048.51	256.42	10467.19	11931.30	12835.41	539.17	114.23	2254.96	2833.21	2570.81	2486.39	7429.16	9712.31	10874.85	848.11	
     13.75	0.40	35383.63	11326.89	13005.67	4892.05	7888.96	491.27	468.38	668.39	502.42	1630.53	684.76	1168.93	1285.60	932.42	4510.15	6026.59	
     13.77	0.34	74702.52	19763.37	3415.67	3485.53	6910.89	885.80	1654.99	269.52	658.18	1.69	91.81	434.31	4301.17	1838.39	693.73	96.44	
     13.79	0.41	51746.18	5444.26	6371.39	3559.91	441.71	2663.17	1179.90	678.99	894.48	1213.54	419.28	371.71	1674.97	50.76	1273.63	294.95	
     13.82	0.44	150786.65	47613.59	16227.72	26300.07	5548.96	10628.64	5614.57	3165.32	3448.37	3257.81	627.03	31.61	4645.96	3694.06	10229.47	2697.62	
     13.84	0.28	365825.46	8605.78	7287.55	10804.99	1588.46	195.82	1268.19	1003.59	730.84	481.42	3106.95	1240.09	274.86	2188.89	4275.81	415.23	
     13.86	0.12	58403.09	67736.11	39430.55	5557.58	31970.81	13879.28	985.93	1269.41	1170.60	4556.81	7794.64	6352.51	15625.79	5979.58	3652.26	7474.69	
     13.89	0.08	238.59	2013.01	1075.44	753.74	3874.02	4875.20	3833.16	2240.53	315.49	51.63	911.77	881.72	1397.68	1800.74	1091.41	668.98	
     13.91	0.08	59544.48	13074.09	2566.77	4051.36	6972.36	8213.11	7659.69	3703.14	1687.30	187.36	1650.83	3675.33	5636.50	5432.71	4434.63	1674.24	
     13.93	0.08	12076.34	2665.37	6263.47	1877.99	83.36	2472.52	1512.35	1899.88	538.08	94.25	1119.11	1492.48	1200.97	420.77	371.13	1053.94	
     13.96	0.08	48980.47	925.67	7521.05	1242.03	3873.06	183.40	1627.05	485.12	509.93	804.66	684.73	489.78	2212.86	529.55	2402.91	1515.49	
     13.98	0.08	63435.56	12297.26	11430.24	5361.46	4655.59	882.94	451.52	1585.66	600.04	1364.59	1411.90	840.95	511.59	599.62	1806.39	2780.90	
     14.00	0.08	26386.44	4559.56	10276.68	4097.47	2023.52	2070.79	1292.93	605.05	610.03	1133.71	234.65	1427.06	1359.79	1053.36	1169.46	107.75	
     14.02	0.07	62347.80	27780.41	8506.84	2310.47	5041.13	7387.56	4627.83	1573.55	1388.86	1812.09	510.51	1625.69	2970.80	2824.83	1540.35	394.36	
     14.05	0.06	18424.11	3176.21	3402.20	1014.09	1902.64	960.33	135.29	889.36	142.82	809.48	437.33	387.52	399.65	263.74	758.99	514.52	
     14.07	0.06	3596.81	9282.98	12272.19	3112.28	6497.51	2334.80	1697.10	1793.25	233.18	2073.65	2306.25	284.63	3020.16	1154.64	1952.51	493.32	
     14.09	0.04	21078.30	5973.59	1782.04	2749.50	2190.67	2050.37	247.26	1214.35	1396.48	1425.80	1520.58	187.23	1258.28	686.88	846.83	323.82	
     14.12	0.05	11644.00	2690.42	485.20	672.69	1512.36	834.15	138.85	230.86	208.15	307.11	1203.05	901.81	738.76	884.09	392.90	2.91	
     14.14	0.05	11260.31	1931.42	3047.59	2303.09	1082.43	1189.75	992.17	774.18	209.78	244.74	304.64	230.11	3.68	178.96	100.69	357.37	
     14.16	0.04	1753.03	4011.10	12823.92	4855.50	2933.07	2702.48	5841.65	552.40	2097.23	1863.66	3785.10	1135.96	3955.00	1538.48	296.01	1458.74	
     14.19	0.04	1074.90	312.17	1072.37	2528.25	1372.87	1721.29	1421.81	217.49	418.22	799.53	233.52	508.37	1038.27	537.83	389.03	644.45	
     14.21	0.08	15569.29	3471.98	1925.73	1416.49	1377.79	695.66	462.99	857.46	142.08	114.98	174.28	260.71	98.57	327.90	777.46	4.07	
     14.23	0.14	40652.33	1860.59	4339.19	6256.33	216.63	2614.44	2110.30	2365.33	888.77	1118.33	2648.51	414.43	1290.38	471.37	1418.95	687.61	
     14.26	0.13	1365.73	66023.50	28124.30	22709.29	24511.93	2987.31	15550.30	8019.94	5758.75	3952.76	13635.10	7345.62	10378.01	10252.84	360.94	9102.03	
     14.28	0.10	24888.54	13773.80	11444.26	7547.23	3911.48	4979.79	2494.71	2316.88	3681.27	784.07	4387.07	1788.06	1715.59	468.54	1760.87	789.53	
     14.30	0.09	61868.26	15798.11	28875.19	10526.90	7889.37	13021.46	2650.86	5500.25	814.90	5901.69	816.70	7081.94	5883.44	951.27	6190.75	3097.27	
     14.33	0.09	59529.48	12261.11	3846.97	1624.53	282.37	699.51	281.25	749.64	815.53	797.11	185.36	1436.96	2208.96	202.97	407.92	1222.33	
     14.35	0.09	47703.69	344.96	8225.28	3129.32	232.93	1841.64	630.96	1108.40	1006.25	699.22	932.60	1539.83	495.13	606.44	385.64	2039.71	
     14.37	0.09	15608.93	13269.93	9701.72	4382.48	5597.56	1944.34	2057.83	337.59	2061.08	3080.66	238.81	1983.13	894.46	1264.69	2067.99	2489.50	
     14.40	0.09	42518.53	42228.28	5876.07	5379.13	4863.58	2179.84	6345.48	2413.19	1663.17	4128.46	5576.25	4943.91	5476.46	3228.84	3167.11	540.75	
     14.42	0.24	33684.60	28427.30	19994.04	25456.56	19687.67	10651.76	31.88	1990.38	1848.12	4900.21	4763.57	5301.65	4009.99	7307.76	5697.48	7327.57	
     14.44	0.27	28431.23	76002.68	40916.47	30647.32	5478.04	16317.91	11053.56	6050.12	8051.22	795.76	5498.58	11517.10	1590.73	15693.91	8194.83	10612.48	
     14.47	0.27	236769.27	1182.05	4730.54	8827.61	9815.47	2573.68	3058.99	6278.01	79.96	2740.08	8541.61	996.20	1025.23	3364.88	1813.52	6894.60	
     14.49	0.35	8355.81	55531.14	38434.30	23498.63	40031.41	7967.64	3439.13	1416.53	1122.04	5808.24	14030.36	5782.03	2896.96	9016.55	12871.11	12032.86	
     14.51	0.43	347795.67	54243.91	13958.51	7569.04	676.96	5047.24	3148.36	104.56	1755.16	1441.26	3889.15	685.56	4714.07	482.46	2733.13	4803.06	
     14.54	0.44	139529.00	38201.07	19611.40	14889.42	17130.20	13307.86	8670.92	3619.92	2518.78	4959.48	8720.40	4428.49	8734.35	6740.04	903.25	3780.68	
     14.56	0.33	211135.99	1837.71	10012.91	11625.51	2737.78	2238.36	3074.06	1509.98	701.11	1282.72	747.64	2326.76	1040.21	2884.07	1490.35	1012.98	
     14.58	0.36	126486.07	76037.55	26671.73	6598.56	7890.23	6826.32	2592.95	601.16	392.31	1518.35	1289.66	2531.85	2231.16	2202.97	558.68	3276.62	
     14.61	0.41	168835.57	4303.60	33903.74	180.01	2270.84	3043.96	176.09	4531.85	357.47	102.83	1206.89	4184.72	4919.09	18.49	5502.52	3067.16	
     14.63	0.42	110304.30	18009.27	5559.96	15988.85	666.33	1248.33	3482.47	1310.02	605.36	1029.01	182.28	3037.69	349.81	1244.48	5551.12	4121.88	
     14.65	0.19	246068.17	19061.94	5181.38	17065.65	15133.54	6978.52	9135.17	8130.54	6098.62	721.91	3504.70	4927.49	3117.64	1923.56	2755.75	1208.02	
     14.68	0.09	39761.38	5278.32	12301.33	1885.70	7414.50	594.46	6718.01	5949.83	1088.82	1217.93	222.77	1637.81	2156.86	2016.08	6221.45	3937.34	
     14.70	0.09	58645.67	15930.36	6748.02	2233.86	802.66	2822.26	4847.83	3744.51	1922.19	1674.48	3036.30	4951.87	5018.91	3493.31	1552.97	451.95	
     14.72	0.09	63534.98	25731.60	16618.40	11225.47	5175.86	2146.22	1187.01	2208.05	2521.13	3103.04	5059.79	7032.41	4529.19	1627.57	597.82	1101.72	
     14.74	0.09	62403.62	40174.89	19769.15	10580.80	7041.82	5486.41	4064.63	948.32	1600.88	2483.47	633.36	1188.34	2178.95	2043.58	1150.84	102.75	
     14.77	0.09	51171.42	8209.08	8223.33	8759.86	657.38	1878.82	4688.92	668.73	2713.90	3490.74	2093.04	6719.98	5849.25	3324.57	4001.65	2375.25	
     14.79	0.08	4704.49	24711.04	26740.59	17005.15	11836.74	10068.71	444.39	4430.34	1482.28	5452.29	1710.57	7664.66	6594.44	2143.85	3289.67	3672.24	
     14.81	0.12	51203.14	1958.91	20369.75	15393.63	10515.46	5739.37	4709.64	4081.03	2092.21	3309.19	1772.37	147.50	3110.94	3983.86	3574.79	3928.54	
     14.84	0.15	123988.77	3563.62	8094.40	3040.57	605.81	440.26	1107.65	912.14	560.57	523.84	1135.78	384.35	1372.14	2424.90	1710.95	2323.56	
     14.86	0.12	54765.04	57580.20	29791.51	18424.34	22905.47	3687.22	9394.94	1014.42	2097.12	168.58	11116.15	5288.25	8808.15	7429.77	6364.38	6893.70	
     14.88	0.10	71940.94	5216.49	5467.03	2900.82	2809.97	986.49	144.01	1590.54	755.84	457.93	503.04	583.53	1007.40	598.55	154.87	1021.58	
     14.91	0.09	33398.96	6212.82	4311.84	4306.83	1726.53	2155.90	861.57	1470.81	220.34	441.22	1260.06	219.97	237.44	1235.77	435.10	402.05	
     14.93	0.10	95145.84	29384.97	25151.85	18681.69	8644.49	4859.31	4329.02	2114.56	1144.35	1548.26	1732.08	2994.49	3698.89	1775.25	1223.13	1437.20	
     14.95	0.10	92007.07	3269.99	2123.84	5131.92	3617.56	1348.33	2227.03	1903.79	1190.70	1102.12	780.27	2104.59	2958.67	2815.46	1314.44	1592.04	
     14.98	0.09	33513.00	918.32	658.98	636.17	1372.10	2064.62	1333.71	1135.39	247.01	272.11	229.93	355.25	302.48	276.48	5.88	968.77	
     15.00	0.09	69260.05	26000.87	19689.04	16652.41	12173.33	7656.89	7673.64	5278.59	2506.47	282.95	312.75	73.01	1027.80	2060.45	1267.62	1033.23	
     15.02	0.17	3021.10	51111.43	1206.90	31403.36	7881.39	13543.48	6775.12	6120.01	2125.78	6722.91	5843.52	11245.08	874.79	7267.18	3589.37	5196.81	
     15.05	0.14	26130.29	3692.66	25748.89	22923.26	20207.33	2514.85	746.74	2652.99	1728.89	7550.98	3846.09	5395.98	3528.37	5383.42	6591.73	3110.28	
     15.07	0.11	57813.29	55015.75	14808.84	18026.58	15605.50	2217.11	13434.31	2824.47	6690.64	1254.97	442.51	10090.27	186.95	3967.90	2267.45	495.64	
     15.09	0.10	52296.53	56021.39	10580.01	19654.89	5256.57	15328.13	4816.99	6522.77	2591.77	5796.10	5155.04	6159.49	3145.39	6017.10	2239.29	4766.85	
     15.12	0.11	64280.49	18530.23	21119.05	23932.07	13957.06	4921.30	4463.14	4281.20	430.90	1689.21	5930.30	7494.76	1757.99	6179.85	4894.49	4469.90	
     15.14	0.10	48130.73	3032.15	29214.47	16656.76	14492.98	15202.49	375.89	4594.81	2418.08	3768.27	7016.80	4240.82	2101.25	11367.02	3092.72	5333.42	
     15.16	0.11	73342.30	4822.52	13266.98	8750.91	147.59	5597.99	1161.28	1381.64	901.25	2320.73	696.70	4069.59	2313.61	2096.67	5129.80	2536.27	
     15.19	0.11	23635.75	8912.43	5779.38	2625.75	1308.78	4830.02	1137.94	1500.62	2959.39	3453.11	261.00	1993.46	2464.95	884.22	2839.48	464.99	
     15.21	0.15	2222.96	18624.83	14456.16	19791.04	17759.47	6462.36	163.80	244.81	2799.18	2010.04	4845.25	1971.14	113.75	4273.29	7339.04	5429.47	
     15.23	0.27	123161.12	33846.86	19044.79	7769.05	9801.80	3985.20	10634.82	143.67	378.90	1424.75	1265.42	4120.81	14389.42	2946.26	4774.24	5588.77	
     15.26	0.30	232529.96	36021.90	7666.36	10779.93	931.92	25854.74	15798.97	10642.02	1745.39	849.66	1154.72	6313.64	10840.59	5748.97	4168.21	1612.10	
     15.28	0.27	92023.05	58150.07	11398.55	27397.95	1164.03	15122.07	2583.83	9172.25	915.01	10098.39	1541.18	8833.96	6382.36	1449.67	3938.70	7730.12	
     15.30	0.39	290265.34	17286.81	5514.08	30427.19	5322.55	14960.24	677.51	1324.13	1195.59	4592.21	2598.36	6705.86	5398.73	491.50	3493.65	4315.24	
     15.33	0.46	48067.16	4514.22	799.88	893.93	6657.37	1034.00	956.82	226.13	327.33	1276.12	2914.58	2202.51	286.14	1048.02	1092.04	1207.43	
     15.35	0.38	232755.72	34347.59	7978.05	1201.84	10052.68	4590.17	1030.50	1510.58	1022.40	2153.03	226.18	231.66	5630.67	4327.83	1449.00	6159.97	
     15.37	0.33	183476.21	57117.82	9373.71	2751.33	4640.76	7881.07	3534.23	87.63	268.18	986.04	3357.34	3267.29	554.50	2810.97	1264.43	7085.44	
     15.39	0.42	274293.41	8809.17	8853.04	6680.89	5433.45	4684.25	902.95	2110.32	147.93	774.51	844.68	2394.76	3190.95	739.15	468.03	879.00	
     15.42	0.45	85348.59	1762.86	4723.44	180.18	5409.19	1576.22	1873.59	1159.01	931.41	191.77	1483.96	1930.13	9.52	507.09	1062.86	3203.43	
     15.44	0.21	110856.90	2807.65	13775.05	9353.63	5364.63	1785.41	364.72	733.98	677.74	846.46	1652.42	1955.27	497.60	1202.11	2684.32	318.82	
     15.46	0.10	24509.07	98.35	7157.51	288.80	1441.75	1896.91	1122.26	946.89	884.22	978.08	370.36	123.77	328.07	231.64	918.87	637.19	
     15.49	0.09	63459.77	19092.37	15674.38	8790.94	5852.62	5205.46	4146.98	2169.97	1777.71	1786.25	2383.52	2306.02	1842.20	2118.62	1915.73	1371.38	
     15.51	0.08	62433.41	7011.47	1607.90	2230.04	1018.16	1356.14	256.61	735.63	128.35	873.58	651.16	750.34	359.51	805.79	633.46	125.42	
     15.53	0.10	1613.38	16294.90	1764.88	1063.93	187.75	1109.60	601.35	1844.80	138.46	585.96	242.45	1381.22	1765.80	1411.46	229.68	403.72	
     15.56	0.08	5849.45	50810.51	13392.08	20076.55	10045.72	11235.47	8547.46	5699.70	2698.68	5768.26	5994.49	6556.02	5007.64	7429.28	4366.38	5354.24	
     15.58	0.08	11480.80	10828.37	1451.02	1215.85	1875.42	4120.80	2882.99	1698.94	0.94	624.98	851.56	511.91	107.72	982.18	385.45	428.47	
     15.60	0.09	26110.55	20754.62	19977.78	16659.21	9621.96	7775.76	9206.90	6228.70	3832.30	2087.38	1141.78	2114.76	2932.83	1134.12	225.35	1002.11	
     15.63	0.07	3440.17	1384.16	2724.04	11346.80	10970.28	3754.05	5235.27	5102.67	1613.72	1499.95	229.73	5204.25	5503.17	1841.94	1371.59	840.55	
     15.65	0.06	17842.07	7919.92	2512.76	4648.64	740.14	1387.69	1023.77	165.80	345.11	261.46	127.39	309.76	209.70	366.33	253.12	1131.84	
     15.67	0.05	40886.00	2765.93	3064.56	5344.59	3781.67	4156.66	3569.39	1622.58	865.62	1285.16	1173.53	1259.87	1740.34	1744.26	1294.51	1076.38	
     15.70	0.05	4453.09	2734.24	784.71	134.54	626.09	120.65	81.52	542.62	145.76	257.26	268.21	148.80	275.74	86.13	233.91	142.16	
     15.72	0.05	2689.20	3920.21	1509.73	4627.39	198.39	1453.08	61.38	307.77	196.44	206.10	278.79	1093.48	763.05	936.05	1206.33	385.70	
     15.74	0.05	26595.55	91.82	9399.11	1554.56	852.66	773.63	4252.71	3014.69	1340.22	1001.85	1294.33	1111.14	687.34	2220.07	3328.83	810.83	
     15.77	0.04	35606.46	15398.14	1403.66	9428.48	8467.73	1132.90	850.39	811.37	361.20	463.76	2591.90	2751.08	2788.53	856.40	571.68	2145.70	
     15.79	0.04	34993.19	4161.91	4819.61	6643.87	3113.52	407.24	1772.62	695.04	634.67	305.74	1265.68	60.51	1641.10	1341.74	1145.87	41.40	
     15.81	0.09	8439.22	4462.32	7900.05	211.23	3681.50	1821.78	1470.58	1129.54	807.33	43.81	1196.64	162.35	1777.25	92.83	20.14	898.23	
     15.84	0.13	54951.06	21930.11	20251.75	8662.71	815.23	693.06	1928.75	1668.30	1546.45	214.23	3803.22	4670.63	4407.89	1077.62	2687.66	2126.52	
     15.86	0.10	45118.47	25942.70	8152.23	4937.32	2576.14	2613.67	204.85	167.63	1369.79	4132.09	4592.80	491.07	2749.07	3657.09	72.54	4123.34	
     15.88	0.08	530.48	10306.76	9461.93	2829.87	3091.48	3658.62	2443.58	4454.12	690.15	2200.58	877.40	113.89	2394.35	31.04	2741.65	420.77	
     15.91	0.07	69621.67	4985.53	1644.63	358.46	11267.42	2460.09	9610.30	6195.15	3576.92	1186.12	2431.13	3579.44	4297.23	71.20	3240.13	472.77	
     15.93	0.07	50071.95	33785.48	8356.15	4750.38	9663.22	10397.68	7273.95	4042.76	2284.69	2401.76	3908.71	5836.95	9211.07	5987.35	2779.58	446.89	
     15.95	0.08	46211.39	6073.33	8317.23	2577.34	6538.54	5264.99	1094.43	678.71	1833.74	3936.46	3962.49	709.16	3900.26	1110.49	1452.85	1122.14	
     15.98	0.08	11654.19	22406.16	7500.76	1471.71	693.23	3376.17	1320.14	1655.63	1836.76	238.37	1395.39	1521.12	484.23	3278.93	1541.71	308.77	
     16.00	0.08	36394.03	11609.25	10115.14	12679.12	211.20	1610.30	1548.71	1232.05	1871.50	1031.33	1157.20	33.97	536.54	1382.96	277.66	1921.24	
     16.02	0.24	13604.21	965.39	6928.94	3671.84	6509.63	689.69	2149.94	2595.43	358.21	544.45	431.10	3588.31	3206.02	1966.23	39.12	732.32	
     16.04	0.25	168683.96	15226.66	3872.44	3308.66	4908.78	7180.91	11017.22	3032.32	787.36	2387.75	715.39	10524.18	4026.00	6926.46	5272.29	7305.06	
     16.07	0.27	316990.97	14459.38	15663.37	20331.79	18057.30	5231.59	5901.40	9832.77	1683.67	1987.71	4753.49	738.77	765.06	4039.51	585.66	418.09	
     16.09	0.34	287505.10	4336.07	40721.32	21711.76	11062.06	11601.11	3136.21	2090.96	741.35	6428.04	115.42	7182.33	1978.94	5856.63	7159.60	5214.95	
     16.11	0.42	105833.72	7923.54	11987.53	18778.84	1900.93	2914.98	5694.05	1401.33	569.69	569.93	3485.83	1355.71	1932.45	1285.27	797.27	2299.57	
     16.14	0.45	278250.57	32410.47	5608.85	7893.65	2654.12	1411.88	3141.23	773.00	856.34	864.60	127.35	607.86	1298.54	4333.94	2910.49	3603.99	
     16.16	0.30	261570.54	33123.71	422.15	4540.38	2862.09	2594.18	1708.34	683.91	578.48	982.40	1670.06	438.98	1591.67	1735.21	978.70	4207.45	
     16.18	0.33	60629.14	3170.46	10890.64	7934.55	3202.00	194.27	97.60	1315.78	93.17	300.78	436.11	1952.46	5155.98	1513.37	2521.94	3244.56	
     16.21	0.39	15727.28	150.34	14811.02	10316.69	3992.19	2706.72	2918.14	974.56	1747.47	1410.66	458.33	47.42	1255.67	1070.79	7555.21	969.61	
     16.23	0.41	288654.41	4345.99	1660.20	7883.19	1853.60	1123.69	1258.48	220.12	774.84	1328.87	1011.48	967.36	1362.58	100.69	1819.60	449.77	
     16.25	0.09	203895.68	499.20	4989.81	670.09	613.34	1508.94	1482.91	1793.20	859.21	887.99	192.13	1148.46	677.84	952.34	372.22	1830.88	
     16.28	0.04	54477.91	26727.47	4621.23	7578.47	11212.72	871.59	2818.80	1158.74	731.65	1648.74	3837.99	1434.40	3802.97	2995.56	1241.18	1959.19	
     16.30	0.04	17781.24	8598.26	437.37	4596.06	5165.05	2641.97	125.45	1296.92	965.48	1314.46	1277.61	55.89	1211.49	1459.43	676.89	201.61	
     16.32	0.03	6404.62	9068.72	1288.85	804.92	2395.84	898.63	996.64	260.07	141.53	362.44	634.64	654.34	569.13	459.73	290.59	546.77	
     16.35	0.03	23311.94	19.79	3470.21	506.23	2080.34	549.95	1910.10	664.99	660.67	631.54	622.18	391.72	660.56	122.09	947.45	436.48	
     16.37	0.04	3732.43	13437.32	1108.89	7724.95	879.56	3875.33	2329.97	1894.58	976.11	2664.41	1496.41	2126.27	1244.15	1534.54	808.68	655.01	
     16.39	0.03	16918.03	3109.89	4094.60	1741.88	2129.87	449.52	6.35	633.23	212.87	557.26	387.62	869.10	794.12	248.00	367.99	547.81	
     16.42	0.05	7170.13	3795.96	6828.05	2596.63	332.81	56.32	438.48	181.22	1152.41	28.93	2060.61	879.40	93.96	235.58	822.74	712.54	
     16.44	0.05	41896.87	5056.32	182.51	24.63	3.96	131.80	35.11	24.05	49.75	176.13	64.76	285.33	101.79	108.26	174.85	249.89	
     16.46	0.06	25378.32	1300.57	8.03	395.01	52.03	40.61	51.38	24.36	10.97	45.94	86.33	89.41	220.07	272.57	342.45	549.15	
     16.49	0.05	2709.22	623.61	717.14	637.77	114.59	71.12	50.43	8.22	39.55	34.74	38.35	29.22	193.07	61.41	33.46	413.36	
     16.51	0.04	4314.35	2998.61	609.31	4.92	207.12	91.10	56.53	61.84	76.48	56.57	25.00	47.76	73.82	55.34	348.41	765.45	
     16.53	0.04	26267.06	693.07	201.12	91.52	1.04	17.65	26.18	35.42	32.41	59.33	25.21	14.27	51.57	79.73	81.58	96.37	
     16.56	0.04	23381.77	1092.53	1042.35	442.87	36.86	227.82	88.50	34.34	116.98	26.56	79.85	98.93	64.65	95.87	154.19	300.65	
     16.58	0.03	4107.03	1430.72	22.49	233.63	159.16	5.59	20.31	39.80	7.70	5.16	10.67	24.23	99.60	8.45	171.69	312.21	
     16.60	0.03	19871.04	6.01	623.72	113.16	15.87	33.19	42.17	33.55	14.34	18.54	47.51	40.48	3.28	50.35	137.53	127.64	
     16.63	0.06	5951.54	801.05	233.63	611.79	94.00	635.70	77.65	296.08	35.10	122.36	429.17	801.68	693.41	631.54	637.17	267.64	
     16.65	0.06	6653.69	13020.82	2148.02	2152.36	5486.48	4319.67	2546.54	1293.43	1346.17	2389.18	555.90	3416.47	3915.31	1838.16	284.89	381.39	
     16.67	0.05	12205.86	6671.24	835.30	2290.13	160.08	2983.49	314.13	889.77	199.74	407.27	1820.20	810.61	332.12	1981.02	213.79	608.56	
     16.70	0.04	9351.04	3880.54	2405.77	297.55	660.77	1691.35	1774.04	1034.28	153.41	124.04	107.86	94.33	330.21	390.12	66.10	387.85	
     16.72	0.04	37599.95	7596.31	5282.78	463.35	1305.33	2513.63	2072.72	1824.84	620.83	791.60	869.86	174.60	375.97	278.77	1165.12	1741.16	
     16.74	0.04	26260.65	7136.94	2412.80	4240.01	3316.92	548.60	510.46	541.99	540.09	712.47	607.03	571.43	390.41	1154.22	1399.69	1077.28	
     16.76	0.03	17276.67	9104.10	4278.22	220.58	1343.44	840.05	611.80	694.73	1276.51	1255.24	458.34	204.09	922.26	764.26	333.64	188.65	
     16.79	0.04	2325.96	2076.33	1808.89	1940.63	337.17	357.14	89.75	389.41	121.07	528.23	336.87	645.11	72.98	174.24	169.66	566.69	
     16.81	0.15	19510.04	28731.91	539.25	9050.36	1710.44	3040.32	1240.11	197.44	829.82	2.83	1719.82	1768.66	1073.28	1852.42	304.27	1096.10	
     16.83	0.27	111690.72	52455.49	12070.41	32771.76	16773.56	259.71	2292.20	1095.25	1712.84	1717.29	2995.49	4468.87	497.01	355.25	10236.46	2808.68	
     16.86	0.25	166190.48	1515.94	52561.58	17914.10	2544.07	2923.52	690.52	1902.06	2085.89	5361.81	2888.25	4349.40	10633.90	247.34	7435.17	25.83	
     16.88	0.27	101767.04	12008.58	4097.14	25931.16	5220.60	953.47	5154.00	5125.51	2297.60	391.75	466.66	46.25	3860.16	2415.27	8803.82	2410.37	
     16.90	0.36	372457.80	62962.28	51427.05	4202.83	4481.72	13836.48	6141.34	2169.57	875.28	2257.57	1607.45	4328.80	7053.96	1087.24	6352.41	29.22	
     16.93	0.51	84326.81	2584.66	13864.93	5584.49	0.59	1900.85	97.31	1126.61	107.99	150.81	1219.72	566.88	589.03	5150.46	5015.53	1461.23	
     16.95	0.34	258514.53	23087.74	7265.05	1079.02	1842.75	2571.12	1122.84	786.97	590.17	287.15	4.49	1509.30	1291.67	1628.91	1622.76	777.12	
     16.97	0.32	72847.85	31318.26	925.28	2520.25	3738.21	4414.32	2177.04	1664.67	1230.03	259.52	668.90	1196.21	3945.43	22.27	1630.04	4388.82	
     17.00	0.42	92537.36	17703.73	18267.69	6105.37	1799.38	1210.54	8.06	92.48	23.97	12.54	2287.82	3580.63	4670.66	5361.33	1358.13	3271.77	
     17.02	0.42	103896.58	14139.23	6329.18	5492.47	4689.29	1471.48	322.04	1563.12	528.25	305.95	665.73	269.54	2155.00	2408.96	4646.08	1372.89	
     17.04	0.18	32904.39	12220.24	1888.32	5498.04	1818.67	1048.84	739.40	1099.75	348.04	969.68	352.59	75.24	936.34	1804.22	949.72	1864.74	
     17.07	0.03	20517.69	1958.51	978.33	1304.98	518.32	940.76	472.67	86.44	138.74	224.85	378.20	618.14	934.90	552.22	298.78	596.63	
     17.09	0.02	10910.32	654.01	676.12	138.87	397.67	452.51	358.45	196.17	174.80	122.99	36.30	156.33	21.29	63.54	166.21	201.67	
     17.11	0.02	5376.46	2892.91	226.78	250.56	234.07	127.55	378.09	200.77	71.19	43.78	165.41	209.60	236.30	370.02	371.07	357.37	
     17.14	0.02	18174.85	3146.56	152.77	67.05	102.07	162.35	327.85	142.60	56.16	162.97	297.97	401.15	695.89	1039.37	918.78	217.62	
     17.16	0.02	6419.37	9421.50	2421.87	2964.66	2028.40	278.90	142.74	176.14	140.85	109.27	516.63	149.43	828.95	955.12	174.87	545.36	
     17.18	0.02	20792.47	2420.68	5501.18	855.92	1907.27	911.10	179.91	65.54	14.84	483.85	302.62	493.21	1183.57	526.53	1150.41	2.68	
     17.21	0.03	32170.53	5736.29	2305.28	1381.61	491.98	787.25	213.17	322.19	208.75	368.30	220.88	340.40	515.80	597.70	650.85	1064.16	
     17.23	0.05	25478.03	8326.29	1100.11	458.69	668.36	237.59	244.05	33.01	158.75	51.44	142.06	90.79	345.55	392.89	727.19	1059.57	
     17.25	0.05	13275.42	3233.90	658.38	78.60	417.82	84.51	57.50	29.56	15.13	80.13	87.77	83.98	290.80	363.78	253.15	690.20	
     17.28	0.04	7852.96	127.10	381.64	3630.43	3000.00	193.64	363.40	61.70	136.33	35.17	1239.15	748.70	1179.90	871.22	163.86	815.90	
     17.30	0.04	21643.83	3901.19	2368.63	1261.96	305.70	447.66	378.49	252.06	125.14	201.17	306.26	54.38	87.07	5.47	752.88	601.62	
     17.32	0.04	18899.46	1150.81	8.64	481.18	321.53	49.07	394.86	396.66	134.36	4.08	162.08	334.96	305.48	127.54	28.47	137.41	
     17.35	0.03	19456.55	2095.41	1020.55	117.04	577.70	8.01	121.86	294.53	55.01	59.44	24.38	49.50	125.08	328.40	154.04	667.40	
     17.37	0.03	6602.40	3537.97	1336.79	770.67	1409.36	420.61	636.03	227.34	29.32	382.95	193.14	260.45	213.20	137.10	110.07	107.69	
     17.39	0.02	3900.23	64.24	4968.81	1786.15	1847.49	412.39	147.59	219.46	40.16	175.23	345.43	280.08	1152.90	153.45	341.27	633.43	
     17.41	0.03	440.72	2163.43	2802.01	160.93	775.13	208.03	104.46	254.08	46.32	145.16	189.78	340.12	207.34	51.55	477.14	311.57	
     17.44	0.03	1987.12	3071.48	36.33	134.08	633.14	75.67	257.07	9.31	150.80	94.28	131.58	486.20	528.07	2.73	39.98	312.56	
     17.46	0.03	32951.07	3925.24	1029.81	198.13	365.61	94.03	417.45	99.76	47.76	165.72	108.98	12.91	115.18	75.28	740.93	770.82	
     17.48	0.02	3770.83	3649.91	2528.19	439.62	535.87	225.56	256.57	281.17	164.55	205.89	44.28	137.68	481.82	621.28	316.24	40.85	
     17.51	0.02	5430.02	433.95	2007.13	872.75	210.46	35.29	115.01	62.95	50.27	49.33	124.04	358.51	19.20	200.34	189.44	117.85	
     17.53	0.02	5002.09	1328.84	380.81	2652.03	1039.09	805.87	158.86	48.34	236.03	392.99	783.82	31.77	248.48	1955.82	149.53	7.36	
     17.55	0.02	16732.12	0.43	424.29	93.82	233.53	79.62	217.66	48.11	110.39	51.94	208.21	463.06	90.29	451.79	272.10	328.69	
     17.58	0.02	1197.48	1523.75	3666.19	355.54	72.75	664.65	275.58	517.81	409.62	313.34	139.20	284.32	164.16	480.91	585.66	25.82	
     17.60	0.03	409.27	1676.11	513.44	553.11	619.86	952.66	632.30	254.66	27.55	95.10	25.78	283.53	104.92	19.22	246.53	41.13	
     17.62	0.25	48205.12	7384.32	17273.44	9911.96	23403.88	6603.94	16722.87	4932.62	9428.61	626.30	5495.54	8316.21	15448.85	2968.22	2908.35	753.84	
     17.65	0.25	94113.31	49398.54	827.70	7366.21	1173.60	242.84	2676.97	2610.15	1363.05	178.91	5103.65	7056.31	4747.80	3091.31	6516.77	217.79	
     17.67	0.26	194817.20	15238.31	15982.23	14223.26	18491.86	11092.57	2010.94	10245.45	7241.22	248.48	2439.04	4746.49	3606.88	5493.61	443.65	2144.55	
     17.69	0.34	131330.47	17255.25	2226.95	22788.06	2213.37	6758.55	2377.40	948.63	2090.59	1172.89	1769.69	8364.06	668.28	6187.29	1606.76	1418.62	
     17.72	0.43	29755.16	6067.32	12849.33	9841.98	355.64	1636.18	1737.29	1043.31	930.43	907.74	460.25	1290.97	2857.75	737.74	4604.25	1244.37	
     17.74	0.44	286695.73	4263.71	5170.43	3234.96	474.28	1391.68	1505.67	1234.40	768.65	314.66	854.45	444.28	875.58	3324.35	65.01	3967.08	
     17.76	0.29	206768.55	8091.52	30702.03	5232.14	1259.71	1774.39	1852.85	1233.08	1083.07	743.00	725.69	373.03	6912.84	2143.81	5156.05	5176.12	
     17.79	0.32	116169.86	23762.92	7277.53	1743.21	1329.60	1679.78	648.24	133.62	230.79	2.84	632.37	2231.77	301.14	1138.64	3452.58	675.12	
     17.81	0.41	134709.23	11668.58	15380.11	2553.56	1466.36	824.90	584.18	1276.84	692.80	254.97	410.87	790.11	1559.20	647.68	6475.70	529.99	
     17.83	0.39	440076.81	13882.48	8557.55	7457.41	2973.28	2515.13	283.28	341.87	89.78	72.98	375.75	3408.04	1580.79	370.86	3330.78	2266.50	
     17.86	0.06	75745.44	2970.72	2815.12	222.13	420.60	869.53	98.64	179.79	76.05	22.81	64.38	195.24	438.52	306.83	248.09	17.54	
     17.88	0.03	51976.29	4726.76	3276.17	1184.00	1062.43	680.13	415.14	408.32	453.31	356.58	262.79	0.63	64.63	341.99	203.16	1406.57	
     17.90	0.03	3163.91	1628.83	217.35	3030.82	2008.88	803.24	850.10	858.51	344.45	649.79	831.46	870.13	601.44	896.68	175.54	204.32	
     17.93	0.03	16974.48	816.61	269.58	571.77	405.84	377.58	350.97	27.79	148.83	71.54	258.57	334.57	69.13	69.01	283.72	197.85	
     17.95	0.03	12865.10	3974.47	2899.17	830.30	394.23	742.29	839.55	278.54	191.25	91.42	235.09	89.60	317.26	742.61	55.04	518.52	
     17.97	0.03	4120.00	4247.55	870.50	210.77	195.97	210.62	6.46	141.59	145.02	39.60	235.33	146.66	189.63	341.64	87.34	592.66	
     18.00	0.03	6995.32	3094.57	4333.92	729.32	173.22	717.62	183.67	146.43	108.08	315.20	211.26	771.12	613.62	344.80	481.87	195.79	
     18.02	0.06	18802.97	505.08	73.47	1648.53	186.62	364.48	214.59	91.95	21.27	50.16	46.63	533.48	12.69	318.84	352.73	200.44	
     18.04	0.07	50840.68	8455.27	3466.05	3787.23	1742.32	350.60	1303.36	552.28	236.44	308.81	644.90	403.76	1469.20	977.28	275.45	1434.81	
     18.07	0.06	28781.35	1435.81	580.37	43.82	142.65	5.14	64.28	18.05	40.92	22.46	38.76	10.75	84.56	64.69	37.05	255.13	
     18.09	0.06	6681.53	470.93	68.77	158.47	8.62	13.45	4.40	2.38	3.44	0.77	5.18	6.83	4.09	34.24	41.56	66.01	
     18.11	0.05	27629.33	392.30	304.96	29.78	138.73	77.11	41.65	33.09	27.71	22.04	26.73	16.50	15.51	18.50	23.54	72.41	
     18.13	0.05	5960.14	731.94	492.08	61.70	98.56	41.43	38.83	36.52	27.50	19.69	19.84	27.17	34.43	23.00	21.00	266.23	
     18.16	0.04	8513.16	779.75	440.81	285.22	126.12	77.64	69.67	54.93	43.83	40.08	35.53	26.35	34.97	42.21	97.21	473.09	
     18.18	0.04	21107.34	539.49	246.43	276.66	114.91	64.38	44.00	39.66	30.06	30.58	34.21	42.84	19.32	1.02	60.99	209.18	
     18.20	0.04	4532.54	1074.10	416.99	218.60	58.25	40.00	37.23	33.40	26.73	23.51	21.87	50.39	30.85	59.03	38.47	358.83	
     18.23	0.03	25604.83	1378.76	53.88	2.03	68.77	33.03	52.55	19.30	18.73	9.83	61.17	17.16	19.54	11.76	42.80	190.07	
     18.25	0.04	15300.08	3438.80	263.73	22.94	907.01	618.90	10.88	124.22	9.97	63.83	103.68	375.93	261.65	79.60	2.72	34.98	
     18.27	0.03	16945.96	2006.15	300.29	270.78	202.43	6.86	191.39	112.89	101.23	139.14	158.27	108.74	63.58	203.44	300.88	21.07	
     18.30	0.03	3876.51	463.26	2960.82	3107.92	1047.29	215.00	224.83	124.40	0.77	253.73	596.98	553.82	22.05	736.57	984.78	85.78	
     18.32	0.03	14433.87	5784.66	3213.61	270.41	1690.49	679.66	57.21	454.84	35.83	616.21	449.08	310.20	866.48	465.53	303.70	281.46	
     18.34	0.03	72.27	2109.41	410.22	151.82	270.21	165.88	94.26	90.51	5.95	0.51	108.96	256.36	179.84	10.82	233.59	30.46	
     18.37	0.03	22417.79	4616.51	3127.48	330.53	629.84	153.49	23.59	28.29	54.90	35.99	159.43	458.28	670.03	152.36	351.10	298.79	
     18.39	0.03	12124.25	9317.99	1011.94	228.44	1755.70	746.90	465.49	292.00	40.19	209.60	426.91	160.26	513.31	696.56	268.76	891.48	
     18.41	0.16	30313.08	13201.67	1303.19	3473.76	1618.11	451.98	769.96	523.51	318.15	5.95	247.26	788.03	77.80	1259.81	720.08	288.70	
     18.44	0.26	73754.16	17166.78	30780.54	11200.99	9904.28	26397.48	3533.46	5203.88	6827.71	5355.49	5810.43	841.18	15374.35	1271.55	546.87	3077.49	
     18.46	0.25	173312.57	10248.82	19063.64	6582.59	8878.70	2249.69	1103.07	955.25	539.16	2019.25	2672.51	1535.92	8622.00	3489.29	4241.54	125.22	
     18.48	0.30	147967.86	17621.94	60608.78	10055.18	39155.47	18244.78	3377.77	5410.43	1125.35	413.25	6540.97	3275.34	1593.91	1847.81	16880.30	2707.38	
     18.51	0.35	53963.94	46458.13	3585.34	21429.13	13103.30	5359.65	7545.05	1801.55	1742.84	2357.27	2427.36	5166.87	1844.22	537.11	498.30	725.03	
     18.53	0.51	401265.17	41877.37	2240.24	1610.04	4372.71	423.83	2757.60	1267.77	664.22	968.71	39.57	96.85	1319.23	1905.20	3532.58	4468.04	
     18.55	0.32	148599.80	11475.29	2605.42	6795.03	2055.99	2830.06	636.64	831.12	607.33	211.04	836.94	715.15	485.43	6289.44	4359.66	1010.07	
     18.58	0.31	170433.11	38463.78	12559.84	2185.43	1676.19	1705.60	402.51	11.26	20.72	147.90	1103.79	3348.29	3282.36	3050.92	6333.50	2494.92	
     18.60	0.42	42540.71	13896.07	1934.34	7689.61	1190.68	1334.87	373.38	61.63	9.25	453.44	1193.99	333.54	281.16	1979.64	2024.41	866.17	
     18.62	0.41	157366.53	25929.09	6956.32	3828.79	429.03	402.69	519.43	812.99	661.10	334.05	1048.09	609.89	2313.29	518.96	3435.19	2590.92	
     18.65	0.18	79599.67	7474.82	6798.57	4956.00	1394.62	937.43	183.86	131.12	234.45	439.37	540.24	888.81	1087.60	3339.93	1001.39	233.02	
     18.67	0.03	11644.08	431.35	373.85	281.43	253.72	102.87	59.64	48.64	3.23	9.95	73.16	57.47	94.92	270.40	311.87	160.24	
     18.69	0.02	2226.80	21.43	423.89	426.60	360.25	33.55	107.04	64.76	25.13	114.51	140.47	132.14	104.78	239.60	130.64	177.66	
     18.72	0.02	11176.61	1947.76	517.35	582.09	626.61	205.61	16.51	25.20	41.32	178.41	71.77	34.13	157.02	200.78	149.40	130.14	
     18.74	0.02	11308.79	445.60	3.28	114.13	11.94	0.65	98.65	20.72	49.70	31.85	10.23	5.37	96.67	17.44	14.95	48.90	
     18.76	0.02	12749.95	45.18	285.29	416.41	156.75	37.21	31.50	41.22	16.16	28.28	38.24	41.72	13.03	50.89	123.08	17.85	
     18.78	0.02	4009.95	595.52	46.13	195.70	21.75	16.48	5.27	19.40	19.77	25.49	13.52	21.06	45.76	61.58	53.52	138.57	
     18.81	0.04	14407.83	948.37	1376.76	118.51	38.17	40.39	60.41	77.86	49.86	61.94	96.70	162.79	102.38	83.39	15.14	108.74	
     18.83	0.06	32783.53	3772.15	6.13	548.28	954.16	90.12	105.69	177.02	97.37	27.05	220.64	219.35	356.45	162.21	74.32	582.39	
     18.85	0.06	27090.58	765.92	224.66	770.67	687.37	362.18	263.25	162.83	156.96	148.79	98.89	77.27	243.49	236.52	266.43	518.93	
     18.88	0.06	20598.45	1304.53	571.59	166.04	515.81	26.83	120.87	96.47	65.55	47.32	3.11	167.54	183.42	102.60	42.18	411.74	
     18.90	0.05	67247.23	4367.01	1547.81	1077.39	777.22	772.32	115.33	265.91	55.34	320.79	226.96	791.37	188.36	130.03	362.54	531.93	
     18.92	0.05	4097.50	1053.27	400.39	446.01	24.63	12.34	25.87	17.97	1.80	59.46	28.50	44.77	27.76	59.52	34.16	96.74	
     18.95	0.04	11685.72	920.14	252.23	204.24	74.73	152.27	86.95	18.24	51.06	39.85	35.84	108.26	33.14	1.07	2.70	236.08	
     18.97	0.04	19835.75	397.55	395.72	153.50	212.90	16.98	12.84	13.65	13.67	7.54	11.58	2.70	42.14	53.31	28.03	187.36	
     18.99	0.03	11470.30	417.75	513.69	170.69	324.02	61.91	17.90	5.17	3.85	2.76	48.50	35.84	77.44	139.79	45.32	35.84	
     19.02	0.03	26347.43	305.03	424.69	856.98	428.89	359.70	94.75	114.51	35.45	61.69	15.02	52.58	128.91	159.91	179.06	29.00	
     19.04	0.03	8993.08	248.88	978.50	455.10	443.39	36.58	229.28	115.90	63.29	69.72	124.76	154.91	155.16	233.65	31.65	128.18	
     19.06	0.02	38.97	2309.14	512.52	222.19	81.55	157.68	221.48	49.77	16.74	15.72	141.35	262.58	241.47	133.04	221.33	380.62	
     19.09	0.03	21979.98	2014.47	710.14	498.43	406.11	159.34	0.29	59.24	39.61	86.86	133.48	428.41	554.55	46.45	13.86	147.00	
     19.11	0.03	2933.32	1520.27	1495.03	13.58	471.82	52.18	38.73	28.74	5.20	38.19	130.69	304.51	231.19	37.39	225.60	34.88	
     19.13	0.03	12850.38	681.59	154.93	187.65	44.90	53.95	17.34	37.27	5.27	12.68	8.26	87.05	86.01	60.05	117.55	56.37	
     19.16	0.03	3542.85	546.58	386.73	90.11	181.18	164.37	49.05	35.05	13.82	148.01	195.47	35.96	264.46	242.44	15.55	37.11	
     19.18	0.03	4458.03	2233.14	522.51	345.57	128.92	197.39	91.39	21.78	73.26	9.97	28.44	110.37	93.26	56.56	155.32	573.83	
     19.20	0.06	6700.01	596.13	1251.36	1231.45	44.32	404.05	82.89	293.13	129.88	423.04	347.24	101.51	158.41	66.75	108.61	271.93	
     19.23	0.25	83294.17	96762.75	5510.03	5954.14	604.98	16183.00	3357.59	9871.60	1635.84	13753.65	6215.36	4307.92	5569.97	11991.84	3453.47	7325.48	
     19.25	0.27	107372.11	22111.11	31197.69	15835.63	15063.19	3853.60	922.13	4023.82	2011.97	1564.50	1399.02	7933.88	948.27	2296.27	5472.89	4828.12	
     19.27	0.25	21163.82	24812.54	14531.35	7789.44	13113.22	9244.79	2251.39	2341.13	1077.42	3798.76	2859.32	1549.65	7605.27	10253.99	219.56	3494.39	
     19.30	0.32	947.56	44896.18	16124.18	22767.09	3578.10	4113.44	544.62	1190.73	259.30	234.51	2092.63	2541.26	8738.95	3190.42	3581.08	1778.29	
     19.32	0.49	201192.19	25477.65	483.16	6328.35	8293.76	2064.22	2626.13	119.89	29.50	1062.67	2669.51	1074.32	1431.51	499.12	120.05	2898.64	
     19.34	0.41	266719.31	15296.69	5028.15	14407.13	871.07	698.01	1136.68	342.06	309.92	208.70	341.09	2852.89	874.60	1223.63	3064.09	253.20	
     19.37	0.30	42136.20	56375.18	10675.67	11783.87	726.29	2870.39	1632.40	790.22	536.55	119.80	232.81	2601.89	838.58	4865.47	3190.97	6072.71	
     19.39	0.31	144182.05	2792.23	15665.28	8336.10	3157.51	817.34	397.66	12.68	71.93	336.37	27.36	2626.30	2209.53	1291.91	91.80	229.83	
     19.41	0.45	341604.60	10130.29	16825.62	16499.87	13345.66	721.74	4077.74	2490.08	1981.95	1587.36	2045.17	418.40	2876.54	5394.93	1826.89	7694.20	
     19.44	0.35	377189.86	16510.95	854.40	272.96	1908.19	1182.09	816.36	90.27	260.91	563.67	2.44	873.38	411.97	213.93	429.43	1401.89	
     19.46	0.06	15708.64	527.55	268.21	349.14	36.58	140.35	49.66	8.13	0.39	12.87	2.82	95.49	10.28	130.16	5.65	189.84	
     19.48	0.02	29656.34	2264.75	343.91	303.85	228.36	28.26	122.59	27.47	15.13	65.73	83.33	103.16	9.61	0.40	9.88	420.32	
     19.50	0.02	8556.99	1949.81	490.36	480.92	46.62	214.31	67.76	6.51	26.33	90.65	28.96	236.88	63.93	535.82	330.87	4.89	
     19.53	0.02	1278.09	2506.16	247.19	184.32	477.11	54.60	9.53	88.65	76.33	2.35	46.62	52.58	212.67	125.40	40.24	268.98	
     19.55	0.02	4468.64	627.34	748.34	310.31	132.00	100.32	13.28	43.55	26.49	6.00	57.03	159.38	98.89	76.93	148.37	328.60	
     19.57	0.03	12188.68	521.66	387.43	257.82	106.37	1.09	40.50	2.43	17.60	18.52	116.96	9.19	135.08	20.21	78.46	45.78	
     19.60	0.02	4030.19	1489.84	1204.93	629.84	479.96	285.28	146.45	61.02	82.72	37.28	87.34	54.14	324.11	217.59	86.49	143.30	
     19.62	0.16	37925.89	7581.78	179.29	255.02	836.11	507.96	225.88	139.42	373.45	696.38	361.61	1022.21	1420.73	315.42	267.51	113.63	
     19.64	0.13	124406.45	8107.47	11724.55	18479.80	20611.80	18446.87	13361.28	8378.56	6709.84	3910.44	1978.47	3537.50	8489.08	6743.86	5593.48	5324.80	
     19.67	0.11	43117.61	76734.17	40428.18	14874.79	29105.13	5179.03	13011.49	8778.04	4189.31	6537.62	12044.87	1031.11	12903.93	8813.23	3437.83	8867.83	
     19.69	0.10	72024.52	9841.64	4102.38	8968.33	1326.69	3715.37	1879.96	695.86	2085.95	466.74	1389.77	1509.54	151.73	1558.25	873.95	990.95	
     19.71	0.09	43627.49	2188.66	3723.57	1981.29	1386.27	717.42	662.66	342.00	239.57	454.57	22.53	362.49	988.32	873.67	523.74	159.59	
     19.74	0.09	25828.74	2380.04	2063.96	1319.96	1650.98	218.47	682.33	1198.34	106.22	373.01	33.34	402.21	223.71	483.11	991.12	206.34	
     19.76	0.08	50573.00	30543.79	17791.98	12793.16	11685.69	8368.33	7052.62	5007.40	1967.99	1329.72	1811.68	2305.23	2972.01	2334.75	2457.57	1824.24	
     19.78	0.09	62936.99	12242.92	5398.36	5675.20	3817.85	3498.60	2173.80	859.60	157.81	61.56	540.07	852.56	888.31	953.67	1076.63	772.90	
     19.81	0.08	10065.91	10846.67	2572.98	1508.90	406.57	1140.96	855.69	493.86	232.95	74.07	12.62	35.48	570.99	1131.84	843.97	358.72	
     19.83	0.09	30078.93	54472.72	24641.58	11147.66	21495.05	2245.16	10084.86	6252.69	3032.43	4217.04	8267.67	1880.39	7241.45	6320.63	189.03	6581.59	
     19.85	0.09	35186.09	2680.81	7645.18	5898.35	3826.94	1259.18	1118.61	674.84	115.16	1514.13	2128.67	2057.49	404.64	1587.18	2497.67	1465.53	
     19.88	0.08	37567.72	10293.24	3168.81	1150.95	926.36	1117.52	234.39	52.31	161.38	341.30	579.63	1468.59	44.81	48.67	278.98	1099.30	
     19.90	0.09	72013.64	28615.77	5774.31	1817.52	1593.57	453.96	885.09	338.10	642.46	2631.44	3665.48	4635.97	5171.29	4986.35	3955.66	1304.26	
     19.92	0.08	12433.04	4246.18	3362.68	843.04	346.49	912.52	350.57	388.62	132.13	383.90	317.09	628.50	636.81	516.71	196.58	681.95	
     19.95	0.08	70222.99	4234.38	4520.45	1135.66	115.41	1398.67	457.05	445.47	298.49	705.83	541.37	187.55	657.67	654.05	1155.10	841.45	
     19.97	0.08	42561.68	534.47	6714.74	4211.75	638.36	355.37	925.49	513.88	80.38	1196.80	1980.49	940.00	309.91	1145.55	1425.91	520.50	
     19.99	0.08	40063.31	2205.07	2240.38	4482.16	86.78	1002.74	214.44	849.61	1.92	646.17	188.95	1180.17	226.50	341.67	458.74	95.50	
